{
    "metrics": {
        "NDCG": {
            "NDCG@1": 0.068,
            "NDCG@3": 0.12712,
            "NDCG@5": 0.16207,
            "NDCG@10": 0.19142,
            "NDCG@100": 0.2595,
            "NDCG@1000": 0.29183
        },
        "MAP": {
            "MAP@1": 0.068,
            "MAP@3": 0.11233,
            "MAP@5": 0.13193,
            "MAP@10": 0.14379,
            "MAP@100": 0.15643,
            "MAP@1000": 0.15761
        },
        "Recall": {
            "Recall@1": 0.068,
            "Recall@3": 0.17,
            "Recall@5": 0.254,
            "Recall@10": 0.346,
            "Recall@100": 0.68,
            "Recall@1000": 0.936
        },
        "Precision": {
            "P@1": 0.068,
            "P@3": 0.05667,
            "P@5": 0.0508,
            "P@10": 0.0346,
            "P@100": 0.0068,
            "P@1000": 0.00094
        }
    }
}