{
    "metrics": {
        "NDCG": {
            "NDCG@1": 0.35,
            "NDCG@3": 0.4939,
            "NDCG@5": 0.52952,
            "NDCG@10": 0.56103,
            "NDCG@100": 0.59866,
            "NDCG@1000": 0.60384
        },
        "MAP": {
            "MAP@1": 0.35,
            "MAP@3": 0.458,
            "MAP@5": 0.4774,
            "MAP@10": 0.49029,
            "MAP@100": 0.49812,
            "MAP@1000": 0.49833
        },
        "Recall": {
            "Recall@1": 0.35,
            "Recall@3": 0.598,
            "Recall@5": 0.686,
            "Recall@10": 0.784,
            "Recall@100": 0.958,
            "Recall@1000": 0.998
        },
        "Precision": {
            "P@1": 0.35,
            "P@3": 0.19933,
            "P@5": 0.1372,
            "P@10": 0.0784,
            "P@100": 0.00958,
            "P@1000": 0.001
        }
    }
}