{
    "metrics": {
        "NDCG": {
            "NDCG@1": 0.316,
            "NDCG@3": 0.42224,
            "NDCG@5": 0.46389,
            "NDCG@10": 0.50478,
            "NDCG@100": 0.55743,
            "NDCG@1000": 0.56206
        },
        "MAP": {
            "MAP@1": 0.316,
            "MAP@3": 0.39667,
            "MAP@5": 0.41957,
            "MAP@10": 0.43653,
            "MAP@100": 0.44811,
            "MAP@1000": 0.44829
        },
        "Recall": {
            "Recall@1": 0.316,
            "Recall@3": 0.496,
            "Recall@5": 0.598,
            "Recall@10": 0.724,
            "Recall@100": 0.962,
            "Recall@1000": 0.998
        },
        "Precision": {
            "P@1": 0.316,
            "P@3": 0.16533,
            "P@5": 0.1196,
            "P@10": 0.0724,
            "P@100": 0.00962,
            "P@1000": 0.001
        }
    }
}