{
    "metrics": {
        "NDCG": {
            "NDCG@1": 0.082,
            "NDCG@3": 0.1295,
            "NDCG@5": 0.1647,
            "NDCG@10": 0.19645,
            "NDCG@100": 0.27284,
            "NDCG@1000": 0.3026
        },
        "MAP": {
            "MAP@1": 0.082,
            "MAP@3": 0.117,
            "MAP@5": 0.1364,
            "MAP@10": 0.14953,
            "MAP@100": 0.16354,
            "MAP@1000": 0.16455
        },
        "Recall": {
            "Recall@1": 0.082,
            "Recall@3": 0.166,
            "Recall@5": 0.252,
            "Recall@10": 0.35,
            "Recall@100": 0.726,
            "Recall@1000": 0.966
        },
        "Precision": {
            "P@1": 0.082,
            "P@3": 0.05533,
            "P@5": 0.0504,
            "P@10": 0.035,
            "P@100": 0.00726,
            "P@1000": 0.00097
        }
    }
}