{
    "metrics": {
        "NDCG": {
            "NDCG@1": 0.254,
            "NDCG@3": 0.32269,
            "NDCG@5": 0.35762,
            "NDCG@10": 0.39636,
            "NDCG@100": 0.47604,
            "NDCG@1000": 0.48297
        },
        "MAP": {
            "MAP@1": 0.254,
            "MAP@3": 0.30567,
            "MAP@5": 0.32477,
            "MAP@10": 0.34073,
            "MAP@100": 0.35742,
            "MAP@1000": 0.35769
        },
        "Recall": {
            "Recall@1": 0.254,
            "Recall@3": 0.372,
            "Recall@5": 0.458,
            "Recall@10": 0.578,
            "Recall@100": 0.946,
            "Recall@1000": 1.0
        },
        "Precision": {
            "P@1": 0.254,
            "P@3": 0.124,
            "P@5": 0.0916,
            "P@10": 0.0578,
            "P@100": 0.00946,
            "P@1000": 0.001
        }
    }
}