{
    "metrics": {
        "NDCG": {
            "NDCG@1": 0.352,
            "NDCG@3": 0.47538,
            "NDCG@5": 0.51093,
            "NDCG@10": 0.54863,
            "NDCG@100": 0.58979,
            "NDCG@1000": 0.59549
        },
        "MAP": {
            "MAP@1": 0.352,
            "MAP@3": 0.446,
            "MAP@5": 0.4658,
            "MAP@10": 0.48111,
            "MAP@100": 0.48967,
            "MAP@1000": 0.4899
        },
        "Recall": {
            "Recall@1": 0.352,
            "Recall@3": 0.56,
            "Recall@5": 0.646,
            "Recall@10": 0.764,
            "Recall@100": 0.956,
            "Recall@1000": 1.0
        },
        "Precision": {
            "P@1": 0.352,
            "P@3": 0.18667,
            "P@5": 0.1292,
            "P@10": 0.0764,
            "P@100": 0.00956,
            "P@1000": 0.001
        }
    }
}