{
    "metrics": {
        "NDCG": {
            "NDCG@1": 0.158,
            "NDCG@3": 0.233,
            "NDCG@5": 0.25244,
            "NDCG@10": 0.28585,
            "NDCG@100": 0.33381,
            "NDCG@1000": 0.35565
        },
        "MAP": {
            "MAP@1": 0.158,
            "MAP@3": 0.21467,
            "MAP@5": 0.22527,
            "MAP@10": 0.23854,
            "MAP@100": 0.24774,
            "MAP@1000": 0.2485
        },
        "Recall": {
            "Recall@1": 0.158,
            "Recall@3": 0.286,
            "Recall@5": 0.334,
            "Recall@10": 0.44,
            "Recall@100": 0.672,
            "Recall@1000": 0.848
        },
        "Precision": {
            "P@1": 0.158,
            "P@3": 0.09533,
            "P@5": 0.0668,
            "P@10": 0.044,
            "P@100": 0.00672,
            "P@1000": 0.00085
        }
    }
}