{
    "metrics": {
        "NDCG": {
            "NDCG@1": 0.212,
            "NDCG@3": 0.24648,
            "NDCG@5": 0.26528,
            "NDCG@10": 0.2968,
            "NDCG@100": 0.42319,
            "NDCG@1000": 0.48164
        },
        "MAP": {
            "MAP@1": 0.07835,
            "MAP@3": 0.15225,
            "MAP@5": 0.20046,
            "MAP@10": 0.26956,
            "MAP@100": 0.3289,
            "MAP@1000": 0.33336
        },
        "Recall": {
            "Recall@1": 0.07835,
            "Recall@3": 0.16851,
            "Recall@5": 0.23288,
            "Recall@10": 0.33635,
            "Recall@100": 0.67609,
            "Recall@1000": 0.934
        },
        "Precision": {
            "P@1": 0.212,
            "P@3": 0.21467,
            "P@5": 0.2076,
            "P@10": 0.183,
            "P@100": 0.04426,
            "P@1000": 0.00622
        }
    }
}