{
    "metrics": {
        "NDCG": {
            "NDCG@1": 0.40967,
            "NDCG@3": 0.49272,
            "NDCG@5": 0.51281,
            "NDCG@10": 0.5322,
            "NDCG@100": 0.56439,
            "NDCG@1000": 0.57859
        },
        "MAP": {
            "MAP@1": 0.40967,
            "MAP@3": 0.4727,
            "MAP@5": 0.48382,
            "MAP@10": 0.49189,
            "MAP@100": 0.49823,
            "MAP@1000": 0.4987
        },
        "Recall": {
            "Recall@1": 0.40967,
            "Recall@3": 0.55047,
            "Recall@5": 0.59937,
            "Recall@10": 0.65903,
            "Recall@100": 0.81275,
            "Recall@1000": 0.92824
        },
        "Precision": {
            "P@1": 0.40967,
            "P@3": 0.18349,
            "P@5": 0.11987,
            "P@10": 0.0659,
            "P@100": 0.00813,
            "P@1000": 0.00093
        }
    }
}