{
    "metrics": {
        "NDCG": {
            "NDCG@1": 0.182,
            "NDCG@3": 0.24359,
            "NDCG@5": 0.28146,
            "NDCG@10": 0.32548,
            "NDCG@100": 0.39026,
            "NDCG@1000": 0.40731
        },
        "MAP": {
            "MAP@1": 0.182,
            "MAP@3": 0.22767,
            "MAP@5": 0.24867,
            "MAP@10": 0.26685,
            "MAP@100": 0.27899,
            "MAP@1000": 0.2796
        },
        "Recall": {
            "Recall@1": 0.182,
            "Recall@3": 0.29,
            "Recall@5": 0.382,
            "Recall@10": 0.518,
            "Recall@100": 0.834,
            "Recall@1000": 0.97
        },
        "Precision": {
            "P@1": 0.182,
            "P@3": 0.09667,
            "P@5": 0.0764,
            "P@10": 0.0518,
            "P@100": 0.00834,
            "P@1000": 0.00097
        }
    }
}