{
    "metrics": {
        "NDCG": {
            "NDCG@1": 0.168,
            "NDCG@3": 0.25626,
            "NDCG@5": 0.28664,
            "NDCG@10": 0.32346,
            "NDCG@100": 0.39723,
            "NDCG@1000": 0.41192
        },
        "MAP": {
            "MAP@1": 0.168,
            "MAP@3": 0.23367,
            "MAP@5": 0.25047,
            "MAP@10": 0.26563,
            "MAP@100": 0.28044,
            "MAP@1000": 0.28099
        },
        "Recall": {
            "Recall@1": 0.168,
            "Recall@3": 0.322,
            "Recall@5": 0.396,
            "Recall@10": 0.51,
            "Recall@100": 0.858,
            "Recall@1000": 0.974
        },
        "Precision": {
            "P@1": 0.168,
            "P@3": 0.10733,
            "P@5": 0.0792,
            "P@10": 0.051,
            "P@100": 0.00858,
            "P@1000": 0.00097
        }
    }
}