{
    "metrics": {
        "NDCG": {
            "NDCG@1": 0.006,
            "NDCG@3": 0.00435,
            "NDCG@5": 0.00552,
            "NDCG@10": 0.00646,
            "NDCG@100": 0.01305,
            "NDCG@1000": 0.02399
        },
        "MAP": {
            "MAP@1": 0.002,
            "MAP@3": 0.00278,
            "MAP@5": 0.00324,
            "MAP@10": 0.00353,
            "MAP@100": 0.00439,
            "MAP@1000": 0.00463
        },
        "Recall": {
            "Recall@1": 0.002,
            "Recall@3": 0.004,
            "Recall@5": 0.006,
            "Recall@10": 0.008,
            "Recall@100": 0.032,
            "Recall@1000": 0.09867
        },
        "Precision": {
            "P@1": 0.006,
            "P@3": 0.004,
            "P@5": 0.0036,
            "P@10": 0.0024,
            "P@100": 0.00096,
            "P@1000": 0.0003
        }
    }
}