{
    "metrics": {
        "NDCG": {
            "NDCG@1": 0.07251,
            "NDCG@3": 0.11383,
            "NDCG@5": 0.14766,
            "NDCG@10": 0.17615,
            "NDCG@100": 0.24302,
            "NDCG@1000": 0.26954
        },
        "MAP": {
            "MAP@1": 0.07251,
            "MAP@3": 0.10276,
            "MAP@5": 0.12138,
            "MAP@10": 0.13338,
            "MAP@100": 0.14597,
            "MAP@1000": 0.14693
        },
        "Recall": {
            "Recall@1": 0.07251,
            "Recall@3": 0.14625,
            "Recall@5": 0.229,
            "Recall@10": 0.31585,
            "Recall@100": 0.64236,
            "Recall@1000": 0.85334
        },
        "Precision": {
            "P@1": 0.07251,
            "P@3": 0.04875,
            "P@5": 0.0458,
            "P@10": 0.03159,
            "P@100": 0.00642,
            "P@1000": 0.00085
        }
    }
}