{
    "metrics": {
        "NDCG": {
            "NDCG@1": 0.328,
            "NDCG@3": 0.45002,
            "NDCG@5": 0.50269,
            "NDCG@10": 0.54006,
            "NDCG@100": 0.58287,
            "NDCG@1000": 0.58576
        },
        "MAP": {
            "MAP@1": 0.328,
            "MAP@3": 0.41967,
            "MAP@5": 0.44887,
            "MAP@10": 0.46419,
            "MAP@100": 0.47335,
            "MAP@1000": 0.47348
        },
        "Recall": {
            "Recall@1": 0.328,
            "Recall@3": 0.538,
            "Recall@5": 0.666,
            "Recall@10": 0.782,
            "Recall@100": 0.978,
            "Recall@1000": 1.0
        },
        "Precision": {
            "P@1": 0.328,
            "P@3": 0.17933,
            "P@5": 0.1332,
            "P@10": 0.0782,
            "P@100": 0.00978,
            "P@1000": 0.001
        }
    }
}