{
    "metrics": {
        "NDCG": {
            "NDCG@1": 0.056,
            "NDCG@3": 0.09124,
            "NDCG@5": 0.10759,
            "NDCG@10": 0.13095,
            "NDCG@100": 0.18453,
            "NDCG@1000": 0.22769
        },
        "MAP": {
            "MAP@1": 0.056,
            "MAP@3": 0.08267,
            "MAP@5": 0.09167,
            "MAP@10": 0.10135,
            "MAP@100": 0.1113,
            "MAP@1000": 0.11276
        },
        "Recall": {
            "Recall@1": 0.056,
            "Recall@3": 0.116,
            "Recall@5": 0.156,
            "Recall@10": 0.228,
            "Recall@100": 0.492,
            "Recall@1000": 0.84
        },
        "Precision": {
            "P@1": 0.056,
            "P@3": 0.03867,
            "P@5": 0.0312,
            "P@10": 0.0228,
            "P@100": 0.00492,
            "P@1000": 0.00084
        }
    }
}