{
    "metrics": {
        "NDCG": {
            "NDCG@1": 0.06,
            "NDCG@3": 0.09398,
            "NDCG@5": 0.10593,
            "NDCG@10": 0.12964,
            "NDCG@100": 0.20044,
            "NDCG@1000": 0.24041
        },
        "MAP": {
            "MAP@1": 0.06,
            "MAP@3": 0.08567,
            "MAP@5": 0.09207,
            "MAP@10": 0.10172,
            "MAP@100": 0.11482,
            "MAP@1000": 0.11615
        },
        "Recall": {
            "Recall@1": 0.06,
            "Recall@3": 0.118,
            "Recall@5": 0.148,
            "Recall@10": 0.222,
            "Recall@100": 0.57,
            "Recall@1000": 0.894
        },
        "Precision": {
            "P@1": 0.06,
            "P@3": 0.03933,
            "P@5": 0.0296,
            "P@10": 0.0222,
            "P@100": 0.0057,
            "P@1000": 0.00089
        }
    }
}