{
    "metrics": {
        "NDCG": {
            "NDCG@1": 0.134,
            "NDCG@3": 0.19559,
            "NDCG@5": 0.2178,
            "NDCG@10": 0.26271,
            "NDCG@100": 0.33809,
            "NDCG@1000": 0.36127
        },
        "MAP": {
            "MAP@1": 0.134,
            "MAP@3": 0.17967,
            "MAP@5": 0.19197,
            "MAP@10": 0.21067,
            "MAP@100": 0.22554,
            "MAP@1000": 0.22641
        },
        "Recall": {
            "Recall@1": 0.134,
            "Recall@3": 0.242,
            "Recall@5": 0.296,
            "Recall@10": 0.434,
            "Recall@100": 0.794,
            "Recall@1000": 0.976
        },
        "Precision": {
            "P@1": 0.134,
            "P@3": 0.08067,
            "P@5": 0.0592,
            "P@10": 0.0434,
            "P@100": 0.00794,
            "P@1000": 0.00098
        }
    }
}