{
    "metrics": {
        "NDCG": {
            "NDCG@1": 0.036,
            "NDCG@3": 0.04745,
            "NDCG@5": 0.06309,
            "NDCG@10": 0.08603,
            "NDCG@100": 0.19709,
            "NDCG@1000": 0.26269
        },
        "MAP": {
            "MAP@1": 0.012,
            "MAP@3": 0.03233,
            "MAP@5": 0.04503,
            "MAP@10": 0.05464,
            "MAP@100": 0.07881,
            "MAP@1000": 0.08239
        },
        "Recall": {
            "Recall@1": 0.012,
            "Recall@3": 0.05,
            "Recall@5": 0.07667,
            "Recall@10": 0.128,
            "Recall@100": 0.52533,
            "Recall@1000": 0.89667
        },
        "Precision": {
            "P@1": 0.036,
            "P@3": 0.05,
            "P@5": 0.046,
            "P@10": 0.0384,
            "P@100": 0.01576,
            "P@1000": 0.00269
        }
    }
}