{
    "metrics": {
        "NDCG": {
            "NDCG@1": 0.086,
            "NDCG@3": 0.11309,
            "NDCG@5": 0.12936,
            "NDCG@10": 0.1672,
            "NDCG@100": 0.30699,
            "NDCG@1000": 0.31666
        },
        "MAP": {
            "MAP@1": 0.086,
            "MAP@3": 0.10533,
            "MAP@5": 0.11423,
            "MAP@10": 0.12967,
            "MAP@100": 0.16037,
            "MAP@1000": 0.16074
        },
        "Recall": {
            "Recall@1": 0.086,
            "Recall@3": 0.136,
            "Recall@5": 0.176,
            "Recall@10": 0.294,
            "Recall@100": 0.92,
            "Recall@1000": 0.996
        },
        "Precision": {
            "P@1": 0.086,
            "P@3": 0.04533,
            "P@5": 0.0352,
            "P@10": 0.0294,
            "P@100": 0.0092,
            "P@1000": 0.001
        }
    }
}