{
    "metrics": {
        "NDCG": {
            "NDCG@1": 0.064,
            "NDCG@3": 0.10193,
            "NDCG@5": 0.12913,
            "NDCG@10": 0.15319,
            "NDCG@100": 0.23721,
            "NDCG@1000": 0.26633
        },
        "MAP": {
            "MAP@1": 0.064,
            "MAP@3": 0.09167,
            "MAP@5": 0.10677,
            "MAP@10": 0.11678,
            "MAP@100": 0.1323,
            "MAP@1000": 0.13336
        },
        "Recall": {
            "Recall@1": 0.064,
            "Recall@3": 0.132,
            "Recall@5": 0.198,
            "Recall@10": 0.272,
            "Recall@100": 0.686,
            "Recall@1000": 0.916
        },
        "Precision": {
            "P@1": 0.064,
            "P@3": 0.044,
            "P@5": 0.0396,
            "P@10": 0.0272,
            "P@100": 0.00686,
            "P@1000": 0.00092
        }
    }
}