{
    "metrics": {
        "NDCG": {
            "NDCG@1": 0.314,
            "NDCG@3": 0.31243,
            "NDCG@5": 0.31269,
            "NDCG@10": 0.32929,
            "NDCG@100": 0.46595,
            "NDCG@1000": 0.51234
        },
        "MAP": {
            "MAP@1": 0.08742,
            "MAP@3": 0.15178,
            "MAP@5": 0.19057,
            "MAP@10": 0.24186,
            "MAP@100": 0.30618,
            "MAP@1000": 0.31069
        },
        "Recall": {
            "Recall@1": 0.08742,
            "Recall@3": 0.17426,
            "Recall@5": 0.23594,
            "Recall@10": 0.34717,
            "Recall@100": 0.72556,
            "Recall@1000": 0.92841
        },
        "Precision": {
            "P@1": 0.314,
            "P@3": 0.274,
            "P@5": 0.2496,
            "P@10": 0.2026,
            "P@100": 0.04826,
            "P@1000": 0.00622
        }
    }
}