{
    "metrics": {
        "NDCG": {
            "NDCG@1": 0.01649,
            "NDCG@3": 0.01815,
            "NDCG@5": 0.01865,
            "NDCG@10": 0.01886,
            "NDCG@100": 0.01948,
            "NDCG@1000": 0.02057
        },
        "MAP": {
            "MAP@1": 0.01649,
            "MAP@3": 0.01775,
            "MAP@5": 0.01802,
            "MAP@10": 0.01811,
            "MAP@100": 0.01821,
            "MAP@1000": 0.01824
        },
        "Recall": {
            "Recall@1": 0.01649,
            "Recall@3": 0.01931,
            "Recall@5": 0.02051,
            "Recall@10": 0.02118,
            "Recall@100": 0.0244,
            "Recall@1000": 0.03372
        },
        "Precision": {
            "P@1": 0.01649,
            "P@3": 0.00644,
            "P@5": 0.0041,
            "P@10": 0.00212,
            "P@100": 0.00024,
            "P@1000": 3e-05
        }
    }
}