{
    "metrics": {
        "NDCG": {
            "NDCG@1": 0.352,
            "NDCG@3": 0.47943,
            "NDCG@5": 0.51489,
            "NDCG@10": 0.54772,
            "NDCG@100": 0.58999,
            "NDCG@1000": 0.59589
        },
        "MAP": {
            "MAP@1": 0.352,
            "MAP@3": 0.44933,
            "MAP@5": 0.46903,
            "MAP@10": 0.48286,
            "MAP@100": 0.49151,
            "MAP@1000": 0.49178
        },
        "Recall": {
            "Recall@1": 0.352,
            "Recall@3": 0.566,
            "Recall@5": 0.652,
            "Recall@10": 0.752,
            "Recall@100": 0.95,
            "Recall@1000": 0.994
        },
        "Precision": {
            "P@1": 0.352,
            "P@3": 0.18867,
            "P@5": 0.1304,
            "P@10": 0.0752,
            "P@100": 0.0095,
            "P@1000": 0.00099
        }
    }
}