{
    "metrics": {
        "NDCG": {
            "NDCG@1": 0.084,
            "NDCG@3": 0.13833,
            "NDCG@5": 0.16381,
            "NDCG@10": 0.19093,
            "NDCG@100": 0.26212,
            "NDCG@1000": 0.29407
        },
        "MAP": {
            "MAP@1": 0.084,
            "MAP@3": 0.12467,
            "MAP@5": 0.13877,
            "MAP@10": 0.14992,
            "MAP@100": 0.16287,
            "MAP@1000": 0.16395
        },
        "Recall": {
            "Recall@1": 0.084,
            "Recall@3": 0.178,
            "Recall@5": 0.24,
            "Recall@10": 0.324,
            "Recall@100": 0.676,
            "Recall@1000": 0.934
        },
        "Precision": {
            "P@1": 0.084,
            "P@3": 0.05933,
            "P@5": 0.048,
            "P@10": 0.0324,
            "P@100": 0.00676,
            "P@1000": 0.00093
        }
    }
}