{
    "metrics": {
        "NDCG": {
            "NDCG@1": 0.40656,
            "NDCG@3": 0.49685,
            "NDCG@5": 0.52088,
            "NDCG@10": 0.54292,
            "NDCG@100": 0.57738,
            "NDCG@1000": 0.58892
        },
        "MAP": {
            "MAP@1": 0.40656,
            "MAP@3": 0.47516,
            "MAP@5": 0.4885,
            "MAP@10": 0.49765,
            "MAP@100": 0.50452,
            "MAP@1000": 0.50492
        },
        "Recall": {
            "Recall@1": 0.40656,
            "Recall@3": 0.55939,
            "Recall@5": 0.61771,
            "Recall@10": 0.68561,
            "Recall@100": 0.84931,
            "Recall@1000": 0.94182
        },
        "Precision": {
            "P@1": 0.40656,
            "P@3": 0.18646,
            "P@5": 0.12354,
            "P@10": 0.06856,
            "P@100": 0.00849,
            "P@1000": 0.00094
        }
    }
}