{
    "metrics": {
        "NDCG": {
            "NDCG@1": 0.4566,
            "NDCG@3": 0.54213,
            "NDCG@5": 0.56363,
            "NDCG@10": 0.58249,
            "NDCG@100": 0.6127,
            "NDCG@1000": 0.62416
        },
        "MAP": {
            "MAP@1": 0.4566,
            "MAP@3": 0.52137,
            "MAP@5": 0.53331,
            "MAP@10": 0.54113,
            "MAP@100": 0.54709,
            "MAP@1000": 0.54748
        },
        "Recall": {
            "Recall@1": 0.4566,
            "Recall@3": 0.60209,
            "Recall@5": 0.65426,
            "Recall@10": 0.71235,
            "Recall@100": 0.85641,
            "Recall@1000": 0.94905
        },
        "Precision": {
            "P@1": 0.4566,
            "P@3": 0.2007,
            "P@5": 0.13085,
            "P@10": 0.07124,
            "P@100": 0.00856,
            "P@1000": 0.00095
        }
    }
}