{
    "metrics": {
        "NDCG": {
            "NDCG@1": 0.14,
            "NDCG@3": 0.19655,
            "NDCG@5": 0.24655,
            "NDCG@10": 0.28548,
            "NDCG@100": 0.36337,
            "NDCG@1000": 0.37831
        },
        "MAP": {
            "MAP@1": 0.14,
            "MAP@3": 0.18167,
            "MAP@5": 0.20927,
            "MAP@10": 0.22542,
            "MAP@100": 0.24072,
            "MAP@1000": 0.24127
        },
        "Recall": {
            "Recall@1": 0.14,
            "Recall@3": 0.24,
            "Recall@5": 0.362,
            "Recall@10": 0.482,
            "Recall@100": 0.854,
            "Recall@1000": 0.972
        },
        "Precision": {
            "P@1": 0.14,
            "P@3": 0.08,
            "P@5": 0.0724,
            "P@10": 0.0482,
            "P@100": 0.00854,
            "P@1000": 0.00097
        }
    }
}