{
    "metrics": {
        "NDCG": {
            "NDCG@1": 0.108,
            "NDCG@3": 0.16933,
            "NDCG@5": 0.20789,
            "NDCG@10": 0.26554,
            "NDCG@100": 0.34821,
            "NDCG@1000": 0.36329
        },
        "MAP": {
            "MAP@1": 0.108,
            "MAP@3": 0.15333,
            "MAP@5": 0.17463,
            "MAP@10": 0.19849,
            "MAP@100": 0.21516,
            "MAP@1000": 0.21574
        },
        "Recall": {
            "Recall@1": 0.108,
            "Recall@3": 0.216,
            "Recall@5": 0.31,
            "Recall@10": 0.488,
            "Recall@100": 0.876,
            "Recall@1000": 0.994
        },
        "Precision": {
            "P@1": 0.108,
            "P@3": 0.072,
            "P@5": 0.062,
            "P@10": 0.0488,
            "P@100": 0.00876,
            "P@1000": 0.00099
        }
    }
}