{
    "metrics": {
        "NDCG": {
            "NDCG@1": 0.48953,
            "NDCG@3": 0.57384,
            "NDCG@5": 0.59437,
            "NDCG@10": 0.61259,
            "NDCG@100": 0.64052,
            "NDCG@1000": 0.65036
        },
        "MAP": {
            "MAP@1": 0.48953,
            "MAP@3": 0.55347,
            "MAP@5": 0.56485,
            "MAP@10": 0.57243,
            "MAP@100": 0.578,
            "MAP@1000": 0.57834
        },
        "Recall": {
            "Recall@1": 0.48953,
            "Recall@3": 0.63264,
            "Recall@5": 0.68256,
            "Recall@10": 0.73854,
            "Recall@100": 0.87131,
            "Recall@1000": 0.95041
        },
        "Precision": {
            "P@1": 0.48953,
            "P@3": 0.21088,
            "P@5": 0.13651,
            "P@10": 0.07385,
            "P@100": 0.00871,
            "P@1000": 0.00095
        }
    }
}