{
    "metrics": {
        "NDCG": {
            "NDCG@1": 0.052,
            "NDCG@3": 0.11786,
            "NDCG@5": 0.18085,
            "NDCG@10": 0.32222,
            "NDCG@100": 0.32222,
            "NDCG@1000": 0.32222
        },
        "MAP": {
            "MAP@1": 0.052,
            "MAP@3": 0.10067,
            "MAP@5": 0.13537,
            "MAP@10": 0.19317,
            "MAP@100": 0.19317,
            "MAP@1000": 0.19317
        },
        "Recall": {
            "Recall@1": 0.052,
            "Recall@3": 0.168,
            "Recall@5": 0.322,
            "Recall@10": 0.762,
            "Recall@100": 0.762,
            "Recall@1000": 0.762
        },
        "Precision": {
            "P@1": 0.052,
            "P@3": 0.056,
            "P@5": 0.0644,
            "P@10": 0.0762,
            "P@100": 0.00762,
            "P@1000": 0.00076
        }
    }
}