{
    "metrics": {
        "NDCG": {
            "NDCG@1": 0.048,
            "NDCG@3": 0.07793,
            "NDCG@5": 0.09333,
            "NDCG@10": 0.1147,
            "NDCG@100": 0.16365,
            "NDCG@1000": 0.1897
        },
        "MAP": {
            "MAP@1": 0.048,
            "MAP@3": 0.07033,
            "MAP@5": 0.07873,
            "MAP@10": 0.08796,
            "MAP@100": 0.09634,
            "MAP@1000": 0.0972
        },
        "Recall": {
            "Recall@1": 0.048,
            "Recall@3": 0.1,
            "Recall@5": 0.138,
            "Recall@10": 0.202,
            "Recall@100": 0.45,
            "Recall@1000": 0.662
        },
        "Precision": {
            "P@1": 0.048,
            "P@3": 0.03333,
            "P@5": 0.0276,
            "P@10": 0.0202,
            "P@100": 0.0045,
            "P@1000": 0.00066
        }
    }
}