{
    "metrics": {
        "NDCG": {
            "NDCG@1": 0.066,
            "NDCG@3": 0.12107,
            "NDCG@5": 0.14009,
            "NDCG@10": 0.17736,
            "NDCG@100": 0.25226,
            "NDCG@1000": 0.28431
        },
        "MAP": {
            "MAP@1": 0.066,
            "MAP@3": 0.107,
            "MAP@5": 0.1176,
            "MAP@10": 0.13322,
            "MAP@100": 0.14684,
            "MAP@1000": 0.14799
        },
        "Recall": {
            "Recall@1": 0.066,
            "Recall@3": 0.162,
            "Recall@5": 0.208,
            "Recall@10": 0.322,
            "Recall@100": 0.692,
            "Recall@1000": 0.948
        },
        "Precision": {
            "P@1": 0.066,
            "P@3": 0.054,
            "P@5": 0.0416,
            "P@10": 0.0322,
            "P@100": 0.00692,
            "P@1000": 0.00095
        }
    }
}