{
    "metrics": {
        "NDCG": {
            "NDCG@1": 0.34972,
            "NDCG@3": 0.42891,
            "NDCG@5": 0.45073,
            "NDCG@10": 0.4722,
            "NDCG@100": 0.50952,
            "NDCG@1000": 0.52547
        },
        "MAP": {
            "MAP@1": 0.34972,
            "MAP@3": 0.40945,
            "MAP@5": 0.42155,
            "MAP@10": 0.43042,
            "MAP@100": 0.43765,
            "MAP@1000": 0.43819
        },
        "Recall": {
            "Recall@1": 0.34972,
            "Recall@3": 0.4852,
            "Recall@5": 0.53824,
            "Recall@10": 0.60459,
            "Recall@100": 0.78397,
            "Recall@1000": 0.91319
        },
        "Precision": {
            "P@1": 0.34972,
            "P@3": 0.16173,
            "P@5": 0.10765,
            "P@10": 0.06046,
            "P@100": 0.00784,
            "P@1000": 0.00091
        }
    }
}