{
    "metrics": {
        "NDCG": {
            "NDCG@1": 0.236,
            "NDCG@3": 0.30438,
            "NDCG@5": 0.34216,
            "NDCG@10": 0.39245,
            "NDCG@100": 0.46143,
            "NDCG@1000": 0.47045
        },
        "MAP": {
            "MAP@1": 0.236,
            "MAP@3": 0.28667,
            "MAP@5": 0.30757,
            "MAP@10": 0.32786,
            "MAP@100": 0.34246,
            "MAP@1000": 0.34282
        },
        "Recall": {
            "Recall@1": 0.236,
            "Recall@3": 0.356,
            "Recall@5": 0.448,
            "Recall@10": 0.606,
            "Recall@100": 0.922,
            "Recall@1000": 0.992
        },
        "Precision": {
            "P@1": 0.236,
            "P@3": 0.11867,
            "P@5": 0.0896,
            "P@10": 0.0606,
            "P@100": 0.00922,
            "P@1000": 0.00099
        }
    }
}