{
    "metrics": {
        "NDCG": {
            "NDCG@1": 0.1584,
            "NDCG@3": 0.18625,
            "NDCG@5": 0.20362,
            "NDCG@10": 0.2354,
            "NDCG@100": 0.34644,
            "NDCG@1000": 0.4001
        },
        "MAP": {
            "MAP@1": 0.05402,
            "MAP@3": 0.11,
            "MAP@5": 0.14931,
            "MAP@10": 0.20879,
            "MAP@100": 0.26167,
            "MAP@1000": 0.26584
        },
        "Recall": {
            "Recall@1": 0.05402,
            "Recall@3": 0.12237,
            "Recall@5": 0.17659,
            "Recall@10": 0.27323,
            "Recall@100": 0.57733,
            "Recall@1000": 0.81303
        },
        "Precision": {
            "P@1": 0.1584,
            "P@3": 0.16643,
            "P@5": 0.16681,
            "P@10": 0.15275,
            "P@100": 0.03759,
            "P@1000": 0.00542
        }
    }
}