{
    "metrics": {
        "NDCG": {
            "NDCG@1": 0.42551,
            "NDCG@3": 0.50463,
            "NDCG@5": 0.52453,
            "NDCG@10": 0.54325,
            "NDCG@100": 0.57607,
            "NDCG@1000": 0.58949
        },
        "MAP": {
            "MAP@1": 0.42551,
            "MAP@3": 0.48537,
            "MAP@5": 0.49642,
            "MAP@10": 0.50416,
            "MAP@100": 0.51061,
            "MAP@1000": 0.51107
        },
        "Recall": {
            "Recall@1": 0.42551,
            "Recall@3": 0.56029,
            "Recall@5": 0.60856,
            "Recall@10": 0.66637,
            "Recall@100": 0.8231,
            "Recall@1000": 0.93186
        },
        "Precision": {
            "P@1": 0.42551,
            "P@3": 0.18676,
            "P@5": 0.12171,
            "P@10": 0.06664,
            "P@100": 0.00823,
            "P@1000": 0.00093
        }
    }
}