{
    "metrics": {
        "NDCG": {
            "NDCG@1": 0.154,
            "NDCG@3": 0.15028,
            "NDCG@5": 0.15039,
            "NDCG@10": 0.16586,
            "NDCG@100": 0.25312,
            "NDCG@1000": 0.30658
        },
        "MAP": {
            "MAP@1": 0.04485,
            "MAP@3": 0.07539,
            "MAP@5": 0.09047,
            "MAP@10": 0.1129,
            "MAP@100": 0.14458,
            "MAP@1000": 0.14836
        },
        "Recall": {
            "Recall@1": 0.04485,
            "Recall@3": 0.08934,
            "Recall@5": 0.12135,
            "Recall@10": 0.18641,
            "Recall@100": 0.43428,
            "Recall@1000": 0.67087
        },
        "Precision": {
            "P@1": 0.154,
            "P@3": 0.13067,
            "P@5": 0.1152,
            "P@10": 0.0974,
            "P@100": 0.0267,
            "P@1000": 0.00439
        }
    }
}