{
    "metrics": {
        "NDCG": {
            "NDCG@1": 0.57897,
            "NDCG@3": 0.64679,
            "NDCG@5": 0.66208,
            "NDCG@10": 0.67648,
            "NDCG@100": 0.69883,
            "NDCG@1000": 0.70687
        },
        "MAP": {
            "MAP@1": 0.57897,
            "MAP@3": 0.63054,
            "MAP@5": 0.63906,
            "MAP@10": 0.64502,
            "MAP@100": 0.64943,
            "MAP@1000": 0.64971
        },
        "Recall": {
            "Recall@1": 0.57897,
            "Recall@3": 0.69366,
            "Recall@5": 0.73059,
            "Recall@10": 0.77504,
            "Recall@100": 0.88169,
            "Recall@1000": 0.94644
        },
        "Precision": {
            "P@1": 0.57897,
            "P@3": 0.23122,
            "P@5": 0.14612,
            "P@10": 0.0775,
            "P@100": 0.00882,
            "P@1000": 0.00095
        }
    }
}