{
    "metrics": {
        "NDCG": {
            "NDCG@1": 0.1,
            "NDCG@3": 0.12998,
            "NDCG@5": 0.14538,
            "NDCG@10": 0.18576,
            "NDCG@100": 0.32044,
            "NDCG@1000": 0.32973
        },
        "MAP": {
            "MAP@1": 0.1,
            "MAP@3": 0.123,
            "MAP@5": 0.1314,
            "MAP@10": 0.1475,
            "MAP@100": 0.1771,
            "MAP@1000": 0.17746
        },
        "Recall": {
            "Recall@1": 0.1,
            "Recall@3": 0.15,
            "Recall@5": 0.188,
            "Recall@10": 0.316,
            "Recall@100": 0.922,
            "Recall@1000": 0.994
        },
        "Precision": {
            "P@1": 0.1,
            "P@3": 0.05,
            "P@5": 0.0376,
            "P@10": 0.0316,
            "P@100": 0.00922,
            "P@1000": 0.00099
        }
    }
}