{
    "metrics": {
        "NDCG": {
            "NDCG@1": 0.44824,
            "NDCG@3": 0.53187,
            "NDCG@5": 0.55151,
            "NDCG@10": 0.56901,
            "NDCG@100": 0.60035,
            "NDCG@1000": 0.61175
        },
        "MAP": {
            "MAP@1": 0.44824,
            "MAP@3": 0.51161,
            "MAP@5": 0.52251,
            "MAP@10": 0.52977,
            "MAP@100": 0.53599,
            "MAP@1000": 0.53638
        },
        "Recall": {
            "Recall@1": 0.44824,
            "Recall@3": 0.5904,
            "Recall@5": 0.63808,
            "Recall@10": 0.69195,
            "Recall@100": 0.84104,
            "Recall@1000": 0.93327
        },
        "Precision": {
            "P@1": 0.44824,
            "P@3": 0.1968,
            "P@5": 0.12762,
            "P@10": 0.06919,
            "P@100": 0.00841,
            "P@1000": 0.00093
        }
    }
}