{
    "metrics": {
        "NDCG": {
            "NDCG@1": 0.192,
            "NDCG@3": 0.1883,
            "NDCG@5": 0.18381,
            "NDCG@10": 0.19053,
            "NDCG@100": 0.2822,
            "NDCG@1000": 0.36649
        },
        "MAP": {
            "MAP@1": 0.04224,
            "MAP@3": 0.08341,
            "MAP@5": 0.10413,
            "MAP@10": 0.12816,
            "MAP@100": 0.16352,
            "MAP@1000": 0.16946
        },
        "Recall": {
            "Recall@1": 0.04224,
            "Recall@3": 0.10113,
            "Recall@5": 0.13836,
            "Recall@10": 0.20165,
            "Recall@100": 0.46313,
            "Recall@1000": 0.84635
        },
        "Precision": {
            "P@1": 0.192,
            "P@3": 0.17133,
            "P@5": 0.15,
            "P@10": 0.1182,
            "P@100": 0.03018,
            "P@1000": 0.00567
        }
    }
}