{
    "metrics": {
        "NDCG": {
            "NDCG@1": 0.318,
            "NDCG@3": 0.43693,
            "NDCG@5": 0.47221,
            "NDCG@10": 0.51185,
            "NDCG@100": 0.55507,
            "NDCG@1000": 0.56201
        },
        "MAP": {
            "MAP@1": 0.318,
            "MAP@3": 0.40633,
            "MAP@5": 0.42583,
            "MAP@10": 0.4423,
            "MAP@100": 0.4507,
            "MAP@1000": 0.45092
        },
        "Recall": {
            "Recall@1": 0.318,
            "Recall@3": 0.526,
            "Recall@5": 0.612,
            "Recall@10": 0.734,
            "Recall@100": 0.942,
            "Recall@1000": 0.998
        },
        "Precision": {
            "P@1": 0.318,
            "P@3": 0.17533,
            "P@5": 0.1224,
            "P@10": 0.0734,
            "P@100": 0.00942,
            "P@1000": 0.001
        }
    }
}