{
    "metrics": {
        "NDCG": {
            "NDCG@1": 0.35667,
            "NDCG@3": 0.43675,
            "NDCG@5": 0.45939,
            "NDCG@10": 0.48018,
            "NDCG@100": 0.51714,
            "NDCG@1000": 0.53227
        },
        "MAP": {
            "MAP@1": 0.35667,
            "MAP@3": 0.41711,
            "MAP@5": 0.42966,
            "MAP@10": 0.43824,
            "MAP@100": 0.44538,
            "MAP@1000": 0.4459
        },
        "Recall": {
            "Recall@1": 0.35667,
            "Recall@3": 0.49354,
            "Recall@5": 0.54857,
            "Recall@10": 0.61283,
            "Recall@100": 0.79112,
            "Recall@1000": 0.91319
        },
        "Precision": {
            "P@1": 0.35667,
            "P@3": 0.16451,
            "P@5": 0.10971,
            "P@10": 0.06128,
            "P@100": 0.00791,
            "P@1000": 0.00091
        }
    }
}