{
    "metrics": {
        "NDCG": {
            "NDCG@1": 0.332,
            "NDCG@3": 0.42531,
            "NDCG@5": 0.47712,
            "NDCG@10": 0.5191,
            "NDCG@100": 0.56491,
            "NDCG@1000": 0.56925
        },
        "MAP": {
            "MAP@1": 0.332,
            "MAP@3": 0.40167,
            "MAP@5": 0.43037,
            "MAP@10": 0.44804,
            "MAP@100": 0.45727,
            "MAP@1000": 0.45743
        },
        "Recall": {
            "Recall@1": 0.332,
            "Recall@3": 0.494,
            "Recall@5": 0.62,
            "Recall@10": 0.748,
            "Recall@100": 0.964,
            "Recall@1000": 0.998
        },
        "Precision": {
            "P@1": 0.332,
            "P@3": 0.16467,
            "P@5": 0.124,
            "P@10": 0.0748,
            "P@100": 0.00964,
            "P@1000": 0.001
        }
    }
}