{
    "metrics": {
        "NDCG": {
            "NDCG@1": 0.208,
            "NDCG@3": 0.21264,
            "NDCG@5": 0.20957,
            "NDCG@10": 0.22358,
            "NDCG@100": 0.34565,
            "NDCG@1000": 0.41549
        },
        "MAP": {
            "MAP@1": 0.04828,
            "MAP@3": 0.09711,
            "MAP@5": 0.12182,
            "MAP@10": 0.15461,
            "MAP@100": 0.20129,
            "MAP@1000": 0.20719
        },
        "Recall": {
            "Recall@1": 0.04828,
            "Recall@3": 0.11705,
            "Recall@5": 0.15966,
            "Recall@10": 0.25106,
            "Recall@100": 0.59331,
            "Recall@1000": 0.89962
        },
        "Precision": {
            "P@1": 0.208,
            "P@3": 0.19133,
            "P@5": 0.17,
            "P@10": 0.1366,
            "P@100": 0.03832,
            "P@1000": 0.00606
        }
    }
}