{
    "metrics": {
        "NDCG": {
            "NDCG@1": 0.096,
            "NDCG@3": 0.15959,
            "NDCG@5": 0.19428,
            "NDCG@10": 0.23369,
            "NDCG@100": 0.30919,
            "NDCG@1000": 0.33325
        },
        "MAP": {
            "MAP@1": 0.096,
            "MAP@3": 0.143,
            "MAP@5": 0.1623,
            "MAP@10": 0.17853,
            "MAP@100": 0.19305,
            "MAP@1000": 0.19401
        },
        "Recall": {
            "Recall@1": 0.096,
            "Recall@3": 0.208,
            "Recall@5": 0.292,
            "Recall@10": 0.414,
            "Recall@100": 0.778,
            "Recall@1000": 0.964
        },
        "Precision": {
            "P@1": 0.096,
            "P@3": 0.06933,
            "P@5": 0.0584,
            "P@10": 0.0414,
            "P@100": 0.00778,
            "P@1000": 0.00096
        }
    }
}