{
    "metrics": {
        "NDCG": {
            "NDCG@1": 0.292,
            "NDCG@3": 0.30832,
            "NDCG@5": 0.30761,
            "NDCG@10": 0.32928,
            "NDCG@100": 0.45347,
            "NDCG@1000": 0.50864
        },
        "MAP": {
            "MAP@1": 0.08037,
            "MAP@3": 0.14899,
            "MAP@5": 0.18935,
            "MAP@10": 0.24044,
            "MAP@100": 0.3004,
            "MAP@1000": 0.30548
        },
        "Recall": {
            "Recall@1": 0.08037,
            "Recall@3": 0.1774,
            "Recall@5": 0.24339,
            "Recall@10": 0.35584,
            "Recall@100": 0.70552,
            "Recall@1000": 0.94313
        },
        "Precision": {
            "P@1": 0.292,
            "P@3": 0.27533,
            "P@5": 0.2472,
            "P@10": 0.2046,
            "P@100": 0.0466,
            "P@1000": 0.00636
        }
    }
}