{
    "metrics": {
        "NDCG": {
            "NDCG@1": 0.364,
            "NDCG@3": 0.47524,
            "NDCG@5": 0.50588,
            "NDCG@10": 0.55023,
            "NDCG@100": 0.5965,
            "NDCG@1000": 0.59959
        },
        "MAP": {
            "MAP@1": 0.364,
            "MAP@3": 0.448,
            "MAP@5": 0.4651,
            "MAP@10": 0.48362,
            "MAP@100": 0.49353,
            "MAP@1000": 0.49366
        },
        "Recall": {
            "Recall@1": 0.364,
            "Recall@3": 0.554,
            "Recall@5": 0.628,
            "Recall@10": 0.764,
            "Recall@100": 0.976,
            "Recall@1000": 1.0
        },
        "Precision": {
            "P@1": 0.364,
            "P@3": 0.18467,
            "P@5": 0.1256,
            "P@10": 0.0764,
            "P@100": 0.00976,
            "P@1000": 0.001
        }
    }
}