{
    "metrics": {
        "NDCG": {
            "NDCG@1": 0.07,
            "NDCG@3": 0.05718,
            "NDCG@5": 0.06777,
            "NDCG@10": 0.08294,
            "NDCG@100": 0.1422,
            "NDCG@1000": 0.20128
        },
        "MAP": {
            "MAP@1": 0.02333,
            "MAP@3": 0.03811,
            "MAP@5": 0.04348,
            "MAP@10": 0.04896,
            "MAP@100": 0.05928,
            "MAP@1000": 0.06194
        },
        "Recall": {
            "Recall@1": 0.02333,
            "Recall@3": 0.05267,
            "Recall@5": 0.07067,
            "Recall@10": 0.10467,
            "Recall@100": 0.32067,
            "Recall@1000": 0.664
        },
        "Precision": {
            "P@1": 0.07,
            "P@3": 0.05267,
            "P@5": 0.0424,
            "P@10": 0.0314,
            "P@100": 0.00962,
            "P@1000": 0.00199
        }
    }
}