{
    "metrics": {
        "NDCG": {
            "NDCG@1": 0.232,
            "NDCG@3": 0.18463,
            "NDCG@5": 0.22005,
            "NDCG@10": 0.26202,
            "NDCG@100": 0.38776,
            "NDCG@1000": 0.42432
        },
        "MAP": {
            "MAP@1": 0.07733,
            "MAP@3": 0.13878,
            "MAP@5": 0.16314,
            "MAP@10": 0.18349,
            "MAP@100": 0.21756,
            "MAP@1000": 0.21998
        },
        "Recall": {
            "Recall@1": 0.07733,
            "Recall@3": 0.17133,
            "Recall@5": 0.232,
            "Recall@10": 0.32533,
            "Recall@100": 0.764,
            "Recall@1000": 0.968
        },
        "Precision": {
            "P@1": 0.232,
            "P@3": 0.17133,
            "P@5": 0.1392,
            "P@10": 0.0976,
            "P@100": 0.02292,
            "P@1000": 0.0029
        }
    }
}