{
    "metrics": {
        "NDCG": {
            "NDCG@1": 0.074,
            "NDCG@3": 0.12807,
            "NDCG@5": 0.15708,
            "NDCG@10": 0.19188,
            "NDCG@100": 0.25931,
            "NDCG@1000": 0.29278
        },
        "MAP": {
            "MAP@1": 0.074,
            "MAP@3": 0.11433,
            "MAP@5": 0.13053,
            "MAP@10": 0.14482,
            "MAP@100": 0.15773,
            "MAP@1000": 0.15901
        },
        "Recall": {
            "Recall@1": 0.074,
            "Recall@3": 0.168,
            "Recall@5": 0.238,
            "Recall@10": 0.346,
            "Recall@100": 0.672,
            "Recall@1000": 0.934
        },
        "Precision": {
            "P@1": 0.074,
            "P@3": 0.056,
            "P@5": 0.0476,
            "P@10": 0.0346,
            "P@100": 0.00672,
            "P@1000": 0.00093
        }
    }
}