{
    "metrics": {
        "NDCG": {
            "NDCG@1": 0.37505,
            "NDCG@3": 0.4507,
            "NDCG@5": 0.47036,
            "NDCG@10": 0.49132,
            "NDCG@100": 0.52574,
            "NDCG@1000": 0.54112
        },
        "MAP": {
            "MAP@1": 0.37505,
            "MAP@3": 0.43229,
            "MAP@5": 0.44327,
            "MAP@10": 0.45194,
            "MAP@100": 0.45858,
            "MAP@1000": 0.4591
        },
        "Recall": {
            "Recall@1": 0.37505,
            "Recall@3": 0.50387,
            "Recall@5": 0.55135,
            "Recall@10": 0.61601,
            "Recall@100": 0.78228,
            "Recall@1000": 0.90683
        },
        "Precision": {
            "P@1": 0.37505,
            "P@3": 0.16796,
            "P@5": 0.11027,
            "P@10": 0.0616,
            "P@100": 0.00782,
            "P@1000": 0.00091
        }
    }
}