{
    "metrics": {
        "NDCG": {
            "NDCG@1": 0.46728,
            "NDCG@3": 0.55134,
            "NDCG@5": 0.57184,
            "NDCG@10": 0.59106,
            "NDCG@100": 0.62073,
            "NDCG@1000": 0.63178
        },
        "MAP": {
            "MAP@1": 0.46728,
            "MAP@3": 0.53105,
            "MAP@5": 0.5424,
            "MAP@10": 0.55035,
            "MAP@100": 0.55609,
            "MAP@1000": 0.55646
        },
        "Recall": {
            "Recall@1": 0.46728,
            "Recall@3": 0.60992,
            "Recall@5": 0.65977,
            "Recall@10": 0.71909,
            "Recall@100": 0.86165,
            "Recall@1000": 0.95137
        },
        "Precision": {
            "P@1": 0.46728,
            "P@3": 0.20331,
            "P@5": 0.13195,
            "P@10": 0.07191,
            "P@100": 0.00862,
            "P@1000": 0.00095
        }
    }
}