{
    "metrics": {
        "NDCG": {
            "NDCG@1": 0.108,
            "NDCG@3": 0.18043,
            "NDCG@5": 0.21692,
            "NDCG@10": 0.26155,
            "NDCG@100": 0.33746,
            "NDCG@1000": 0.35782
        },
        "MAP": {
            "MAP@1": 0.108,
            "MAP@3": 0.162,
            "MAP@5": 0.1824,
            "MAP@10": 0.20045,
            "MAP@100": 0.21562,
            "MAP@1000": 0.2164
        },
        "Recall": {
            "Recall@1": 0.108,
            "Recall@3": 0.234,
            "Recall@5": 0.322,
            "Recall@10": 0.462,
            "Recall@100": 0.82,
            "Recall@1000": 0.98
        },
        "Precision": {
            "P@1": 0.108,
            "P@3": 0.078,
            "P@5": 0.0644,
            "P@10": 0.0462,
            "P@100": 0.0082,
            "P@1000": 0.00098
        }
    }
}