{
    "metrics": {
        "NDCG": {
            "NDCG@1": 0.2381,
            "NDCG@3": 0.30238,
            "NDCG@5": 0.32354,
            "NDCG@10": 0.34582,
            "NDCG@100": 0.38861,
            "NDCG@1000": 0.40933
        },
        "MAP": {
            "MAP@1": 0.2381,
            "MAP@3": 0.2866,
            "MAP@5": 0.29833,
            "MAP@10": 0.30752,
            "MAP@100": 0.31577,
            "MAP@1000": 0.31647
        },
        "Recall": {
            "Recall@1": 0.2381,
            "Recall@3": 0.34804,
            "Recall@5": 0.39945,
            "Recall@10": 0.46836,
            "Recall@100": 0.67489,
            "Recall@1000": 0.84227
        },
        "Precision": {
            "P@1": 0.2381,
            "P@3": 0.11601,
            "P@5": 0.07989,
            "P@10": 0.04684,
            "P@100": 0.00675,
            "P@1000": 0.00084
        }
    }
}