{
    "metrics": {
        "NDCG": {
            "NDCG@1": 0.24,
            "NDCG@3": 0.27238,
            "NDCG@5": 0.29276,
            "NDCG@10": 0.32363,
            "NDCG@100": 0.43793,
            "NDCG@1000": 0.49841
        },
        "MAP": {
            "MAP@1": 0.07989,
            "MAP@3": 0.15632,
            "MAP@5": 0.21167,
            "MAP@10": 0.29423,
            "MAP@100": 0.34915,
            "MAP@1000": 0.35406
        },
        "Recall": {
            "Recall@1": 0.07989,
            "Recall@3": 0.17252,
            "Recall@5": 0.2442,
            "Recall@10": 0.36263,
            "Recall@100": 0.67797,
            "Recall@1000": 0.9375
        },
        "Precision": {
            "P@1": 0.24,
            "P@3": 0.24133,
            "P@5": 0.2404,
            "P@10": 0.2072,
            "P@100": 0.04488,
            "P@1000": 0.00631
        }
    }
}