{
    "metrics": {
        "NDCG": {
            "NDCG@1": 0.2312,
            "NDCG@3": 0.24318,
            "NDCG@5": 0.25446,
            "NDCG@10": 0.28059,
            "NDCG@100": 0.40517,
            "NDCG@1000": 0.45349
        },
        "MAP": {
            "MAP@1": 0.06652,
            "MAP@3": 0.13009,
            "MAP@5": 0.17094,
            "MAP@10": 0.22602,
            "MAP@100": 0.28345,
            "MAP@1000": 0.28771
        },
        "Recall": {
            "Recall@1": 0.06652,
            "Recall@3": 0.15015,
            "Recall@5": 0.21254,
            "Recall@10": 0.31646,
            "Recall@100": 0.65847,
            "Recall@1000": 0.86329
        },
        "Precision": {
            "P@1": 0.2312,
            "P@3": 0.21653,
            "P@5": 0.20531,
            "P@10": 0.1747,
            "P@100": 0.04285,
            "P@1000": 0.00582
        }
    }
}