{
  "NDCG@1": 0.496,
  "NDCG@3": 0.58465,
  "NDCG@5": 0.60608,
  "NDCG@10": 0.62557,
  "NDCG@100": 0.65698,
  "NDCG@1000": 0.66835,
  "MAP@1": 0.496,
  "MAP@3": 0.56327,
  "MAP@5": 0.57516,
  "MAP@10": 0.58326,
  "MAP@100": 0.58944,
  "MAP@1000": 0.58983,
  "Recall@1": 0.496,
  "Recall@3": 0.64634,
  "Recall@5": 0.69838,
  "Recall@10": 0.75836,
  "Recall@100": 0.90821,
  "Recall@1000": 1.0,
  "P@1": 0.496,
  "P@3": 0.21545,
  "P@5": 0.13968,
  "P@10": 0.07584,
  "P@100": 0.00908,
  "P@1000": 0.001
}