{
    "metrics": {
        "NDCG": {
            "NDCG@1": 0.204,
            "NDCG@3": 0.2425,
            "NDCG@5": 0.26471,
            "NDCG@10": 0.30644,
            "NDCG@100": 0.4314,
            "NDCG@1000": 0.4888
        },
        "MAP": {
            "MAP@1": 0.07691,
            "MAP@3": 0.14731,
            "MAP@5": 0.198,
            "MAP@10": 0.2736,
            "MAP@100": 0.33656,
            "MAP@1000": 0.34129
        },
        "Recall": {
            "Recall@1": 0.07691,
            "Recall@3": 0.16568,
            "Recall@5": 0.23453,
            "Recall@10": 0.35586,
            "Recall@100": 0.6804,
            "Recall@1000": 0.934
        },
        "Precision": {
            "P@1": 0.204,
            "P@3": 0.212,
            "P@5": 0.212,
            "P@10": 0.1964,
            "P@100": 0.0456,
            "P@1000": 0.00622
        }
    }
}