{
    "metrics": {
        "NDCG": {
            "NDCG@1": 0.44518,
            "NDCG@3": 0.52708,
            "NDCG@5": 0.54744,
            "NDCG@10": 0.56549,
            "NDCG@100": 0.59663,
            "NDCG@1000": 0.60838
        },
        "MAP": {
            "MAP@1": 0.44518,
            "MAP@3": 0.50739,
            "MAP@5": 0.51869,
            "MAP@10": 0.52616,
            "MAP@100": 0.53227,
            "MAP@1000": 0.53267
        },
        "Recall": {
            "Recall@1": 0.44518,
            "Recall@3": 0.58387,
            "Recall@5": 0.63332,
            "Recall@10": 0.68902,
            "Recall@100": 0.83778,
            "Recall@1000": 0.93314
        },
        "Precision": {
            "P@1": 0.44518,
            "P@3": 0.19462,
            "P@5": 0.12666,
            "P@10": 0.0689,
            "P@100": 0.00838,
            "P@1000": 0.00093
        }
    }
}