{
    "metrics": {
        "NDCG": {
            "NDCG@1": 0.088,
            "NDCG@3": 0.07069,
            "NDCG@5": 0.08552,
            "NDCG@10": 0.10667,
            "NDCG@100": 0.20791,
            "NDCG@1000": 0.26523
        },
        "MAP": {
            "MAP@1": 0.02933,
            "MAP@3": 0.04956,
            "MAP@5": 0.05922,
            "MAP@10": 0.06763,
            "MAP@100": 0.0891,
            "MAP@1000": 0.09222
        },
        "Recall": {
            "Recall@1": 0.02933,
            "Recall@3": 0.06533,
            "Recall@5": 0.09067,
            "Recall@10": 0.13733,
            "Recall@100": 0.5,
            "Recall@1000": 0.82733
        },
        "Precision": {
            "P@1": 0.088,
            "P@3": 0.06533,
            "P@5": 0.0544,
            "P@10": 0.0412,
            "P@100": 0.015,
            "P@1000": 0.00248
        }
    }
}