{
    "metrics": {
        "NDCG": {
            "NDCG@1": 0.392,
            "NDCG@3": 0.41871,
            "NDCG@5": 0.44126,
            "NDCG@10": 0.49214,
            "NDCG@100": 0.6345,
            "NDCG@1000": 0.65401
        },
        "MAP": {
            "MAP@1": 0.12749,
            "MAP@3": 0.24584,
            "MAP@5": 0.32705,
            "MAP@10": 0.4479,
            "MAP@100": 0.52983,
            "MAP@1000": 0.53153
        },
        "Recall": {
            "Recall@1": 0.12749,
            "Recall@3": 0.25816,
            "Recall@5": 0.35949,
            "Recall@10": 0.54768,
            "Recall@100": 0.90706,
            "Recall@1000": 0.992
        },
        "Precision": {
            "P@1": 0.392,
            "P@3": 0.368,
            "P@5": 0.356,
            "P@10": 0.3104,
            "P@100": 0.06118,
            "P@1000": 0.00667
        }
    }
}