{
    "metrics": {
        "NDCG": {
            "NDCG@1": 0.12,
            "NDCG@3": 0.18795,
            "NDCG@5": 0.21506,
            "NDCG@10": 0.25079,
            "NDCG@100": 0.31801,
            "NDCG@1000": 0.34514
        },
        "MAP": {
            "MAP@1": 0.12,
            "MAP@3": 0.17133,
            "MAP@5": 0.18633,
            "MAP@10": 0.20079,
            "MAP@100": 0.21343,
            "MAP@1000": 0.21444
        },
        "Recall": {
            "Recall@1": 0.12,
            "Recall@3": 0.236,
            "Recall@5": 0.302,
            "Recall@10": 0.414,
            "Recall@100": 0.742,
            "Recall@1000": 0.956
        },
        "Precision": {
            "P@1": 0.12,
            "P@3": 0.07867,
            "P@5": 0.0604,
            "P@10": 0.0414,
            "P@100": 0.00742,
            "P@1000": 0.00096
        }
    }
}