{
    "metrics": {
        "NDCG": {
            "NDCG@1": 0.172,
            "NDCG@3": 0.19751,
            "NDCG@5": 0.2119,
            "NDCG@10": 0.23552,
            "NDCG@100": 0.33027,
            "NDCG@1000": 0.38186
        },
        "MAP": {
            "MAP@1": 0.06802,
            "MAP@3": 0.12296,
            "MAP@5": 0.15967,
            "MAP@10": 0.21534,
            "MAP@100": 0.26143,
            "MAP@1000": 0.26552
        },
        "Recall": {
            "Recall@1": 0.06802,
            "Recall@3": 0.1339,
            "Recall@5": 0.18131,
            "Recall@10": 0.26021,
            "Recall@100": 0.51612,
            "Recall@1000": 0.738
        },
        "Precision": {
            "P@1": 0.172,
            "P@3": 0.16733,
            "P@5": 0.1648,
            "P@10": 0.1448,
            "P@100": 0.03268,
            "P@1000": 0.00492
        }
    }
}