{
    "metrics": {
        "NDCG": {
            "NDCG@1": 0.298,
            "NDCG@3": 0.38888,
            "NDCG@5": 0.42605,
            "NDCG@10": 0.46231,
            "NDCG@100": 0.51349,
            "NDCG@1000": 0.52728
        },
        "MAP": {
            "MAP@1": 0.298,
            "MAP@3": 0.367,
            "MAP@5": 0.3872,
            "MAP@10": 0.4022,
            "MAP@100": 0.41318,
            "MAP@1000": 0.4137
        },
        "Recall": {
            "Recall@1": 0.298,
            "Recall@3": 0.452,
            "Recall@5": 0.544,
            "Recall@10": 0.656,
            "Recall@100": 0.892,
            "Recall@1000": 1.0
        },
        "Precision": {
            "P@1": 0.298,
            "P@3": 0.15067,
            "P@5": 0.1088,
            "P@10": 0.0656,
            "P@100": 0.00892,
            "P@1000": 0.001
        }
    }
}