{
    "metrics": {
        "NDCG": {
            "NDCG@1": 0.092,
            "NDCG@3": 0.14028,
            "NDCG@5": 0.16602,
            "NDCG@10": 0.1988,
            "NDCG@100": 0.28194,
            "NDCG@1000": 0.30571
        },
        "MAP": {
            "MAP@1": 0.092,
            "MAP@3": 0.128,
            "MAP@5": 0.1424,
            "MAP@10": 0.15619,
            "MAP@100": 0.1726,
            "MAP@1000": 0.17352
        },
        "Recall": {
            "Recall@1": 0.092,
            "Recall@3": 0.176,
            "Recall@5": 0.238,
            "Recall@10": 0.338,
            "Recall@100": 0.734,
            "Recall@1000": 0.92
        },
        "Precision": {
            "P@1": 0.092,
            "P@3": 0.05867,
            "P@5": 0.0476,
            "P@10": 0.0338,
            "P@100": 0.00734,
            "P@1000": 0.00092
        }
    }
}