{
    "metrics": {
        "NDCG": {
            "NDCG@1": 0.47449,
            "NDCG@3": 0.5592,
            "NDCG@5": 0.57847,
            "NDCG@10": 0.59701,
            "NDCG@100": 0.62535,
            "NDCG@1000": 0.63669
        },
        "MAP": {
            "MAP@1": 0.47449,
            "MAP@3": 0.53882,
            "MAP@5": 0.54952,
            "MAP@10": 0.55725,
            "MAP@100": 0.56282,
            "MAP@1000": 0.56319
        },
        "Recall": {
            "Recall@1": 0.47449,
            "Recall@3": 0.61801,
            "Recall@5": 0.66474,
            "Recall@10": 0.72167,
            "Recall@100": 0.85723,
            "Recall@1000": 0.9496
        },
        "Precision": {
            "P@1": 0.47449,
            "P@3": 0.206,
            "P@5": 0.13295,
            "P@10": 0.07217,
            "P@100": 0.00857,
            "P@1000": 0.00095
        }
    }
}