{
    "metrics": {
        "NDCG": {
            "NDCG@1": 0.058,
            "NDCG@3": 0.0935,
            "NDCG@5": 0.10813,
            "NDCG@10": 0.12816,
            "NDCG@100": 0.17956,
            "NDCG@1000": 0.22501
        },
        "MAP": {
            "MAP@1": 0.058,
            "MAP@3": 0.085,
            "MAP@5": 0.093,
            "MAP@10": 0.10127,
            "MAP@100": 0.11098,
            "MAP@1000": 0.11242
        },
        "Recall": {
            "Recall@1": 0.058,
            "Recall@3": 0.118,
            "Recall@5": 0.154,
            "Recall@10": 0.216,
            "Recall@100": 0.468,
            "Recall@1000": 0.84
        },
        "Precision": {
            "P@1": 0.058,
            "P@3": 0.03933,
            "P@5": 0.0308,
            "P@10": 0.0216,
            "P@100": 0.00468,
            "P@1000": 0.00084
        }
    }
}