{
    "metrics": {
        "NDCG": {
            "NDCG@1": 0.86258,
            "NDCG@3": 0.90687,
            "NDCG@5": 0.91362,
            "NDCG@10": 0.91822,
            "NDCG@100": 0.92335,
            "NDCG@1000": 0.92414
        },
        "MAP": {
            "MAP@1": 0.86258,
            "MAP@3": 0.89657,
            "MAP@5": 0.90032,
            "MAP@10": 0.90224,
            "MAP@100": 0.90333,
            "MAP@1000": 0.90336
        },
        "Recall": {
            "Recall@1": 0.86258,
            "Recall@3": 0.93645,
            "Recall@5": 0.95281,
            "Recall@10": 0.96689,
            "Recall@100": 0.99048,
            "Recall@1000": 0.99658
        },
        "Precision": {
            "P@1": 0.86258,
            "P@3": 0.31215,
            "P@5": 0.19056,
            "P@10": 0.09669,
            "P@100": 0.0099,
            "P@1000": 0.001
        }
    }
}