{
    "metrics": {
        "NDCG": {
            "NDCG@1": 0.072,
            "NDCG@3": 0.05512,
            "NDCG@5": 0.064,
            "NDCG@10": 0.07921,
            "NDCG@100": 0.14968,
            "NDCG@1000": 0.21409
        },
        "MAP": {
            "MAP@1": 0.024,
            "MAP@3": 0.03767,
            "MAP@5": 0.0424,
            "MAP@10": 0.04807,
            "MAP@100": 0.06142,
            "MAP@1000": 0.06438
        },
        "Recall": {
            "Recall@1": 0.024,
            "Recall@3": 0.05133,
            "Recall@5": 0.06667,
            "Recall@10": 0.10067,
            "Recall@100": 0.356,
            "Recall@1000": 0.73067
        },
        "Precision": {
            "P@1": 0.072,
            "P@3": 0.05133,
            "P@5": 0.04,
            "P@10": 0.0302,
            "P@100": 0.01068,
            "P@1000": 0.00219
        }
    }
}