{
    "metrics": {
        "NDCG": {
            "NDCG@1": 0.002,
            "NDCG@3": 0.00526,
            "NDCG@5": 0.00526,
            "NDCG@10": 0.00653,
            "NDCG@100": 0.01226,
            "NDCG@1000": 0.0224
        },
        "MAP": {
            "MAP@1": 0.002,
            "MAP@3": 0.00433,
            "MAP@5": 0.00433,
            "MAP@10": 0.00484,
            "MAP@100": 0.00556,
            "MAP@1000": 0.00583
        },
        "Recall": {
            "Recall@1": 0.002,
            "Recall@3": 0.008,
            "Recall@5": 0.008,
            "Recall@10": 0.012,
            "Recall@100": 0.044,
            "Recall@1000": 0.13
        },
        "Precision": {
            "P@1": 0.002,
            "P@3": 0.00267,
            "P@5": 0.0016,
            "P@10": 0.0012,
            "P@100": 0.00044,
            "P@1000": 0.00013
        }
    }
}