{
    "metrics": {
        "NDCG": {
            "NDCG@1": 0.212,
            "NDCG@3": 0.28695,
            "NDCG@5": 0.32283,
            "NDCG@10": 0.35239,
            "NDCG@100": 0.41458,
            "NDCG@1000": 0.43504
        },
        "MAP": {
            "MAP@1": 0.212,
            "MAP@3": 0.268,
            "MAP@5": 0.2877,
            "MAP@10": 0.29978,
            "MAP@100": 0.31101,
            "MAP@1000": 0.31173
        },
        "Recall": {
            "Recall@1": 0.212,
            "Recall@3": 0.342,
            "Recall@5": 0.43,
            "Recall@10": 0.522,
            "Recall@100": 0.83,
            "Recall@1000": 0.994
        },
        "Precision": {
            "P@1": 0.212,
            "P@3": 0.114,
            "P@5": 0.086,
            "P@10": 0.0522,
            "P@100": 0.0083,
            "P@1000": 0.00099
        }
    }
}