{
    "metrics": {
        "NDCG": {
            "NDCG@1": 0.164,
            "NDCG@3": 0.22007,
            "NDCG@5": 0.25027,
            "NDCG@10": 0.29831,
            "NDCG@100": 0.37769,
            "NDCG@1000": 0.39264
        },
        "MAP": {
            "MAP@1": 0.164,
            "MAP@3": 0.20567,
            "MAP@5": 0.22227,
            "MAP@10": 0.24217,
            "MAP@100": 0.25801,
            "MAP@1000": 0.25857
        },
        "Recall": {
            "Recall@1": 0.164,
            "Recall@3": 0.262,
            "Recall@5": 0.336,
            "Recall@10": 0.484,
            "Recall@100": 0.86,
            "Recall@1000": 0.978
        },
        "Precision": {
            "P@1": 0.164,
            "P@3": 0.08733,
            "P@5": 0.0672,
            "P@10": 0.0484,
            "P@100": 0.0086,
            "P@1000": 0.00098
        }
    }
}