{
    "metrics": {
        "NDCG": {
            "NDCG@1": 0.116,
            "NDCG@3": 0.18838,
            "NDCG@5": 0.22521,
            "NDCG@10": 0.27249,
            "NDCG@100": 0.34761,
            "NDCG@1000": 0.36496
        },
        "MAP": {
            "MAP@1": 0.116,
            "MAP@3": 0.16933,
            "MAP@5": 0.18963,
            "MAP@10": 0.20918,
            "MAP@100": 0.22363,
            "MAP@1000": 0.22432
        },
        "Recall": {
            "Recall@1": 0.116,
            "Recall@3": 0.244,
            "Recall@5": 0.334,
            "Recall@10": 0.48,
            "Recall@100": 0.842,
            "Recall@1000": 0.976
        },
        "Precision": {
            "P@1": 0.116,
            "P@3": 0.08133,
            "P@5": 0.0668,
            "P@10": 0.048,
            "P@100": 0.00842,
            "P@1000": 0.00098
        }
    }
}