{
    "metrics": {
        "NDCG": {
            "NDCG@1": 0.084,
            "NDCG@3": 0.07069,
            "NDCG@5": 0.087,
            "NDCG@10": 0.10785,
            "NDCG@100": 0.21904,
            "NDCG@1000": 0.28223
        },
        "MAP": {
            "MAP@1": 0.028,
            "MAP@3": 0.04956,
            "MAP@5": 0.06056,
            "MAP@10": 0.06965,
            "MAP@100": 0.09346,
            "MAP@1000": 0.09694
        },
        "Recall": {
            "Recall@1": 0.028,
            "Recall@3": 0.06667,
            "Recall@5": 0.09533,
            "Recall@10": 0.14133,
            "Recall@100": 0.54133,
            "Recall@1000": 0.90133
        },
        "Precision": {
            "P@1": 0.084,
            "P@3": 0.06667,
            "P@5": 0.0572,
            "P@10": 0.0424,
            "P@100": 0.01624,
            "P@1000": 0.0027
        }
    }
}