{
    "metrics": {
        "NDCG": {
            "NDCG@1": 0.008,
            "NDCG@3": 0.01226,
            "NDCG@5": 0.01553,
            "NDCG@10": 0.02205,
            "NDCG@100": 0.04822,
            "NDCG@1000": 0.07726
        },
        "MAP": {
            "MAP@1": 0.008,
            "MAP@3": 0.011,
            "MAP@5": 0.0128,
            "MAP@10": 0.01552,
            "MAP@100": 0.01957,
            "MAP@1000": 0.02044
        },
        "Recall": {
            "Recall@1": 0.008,
            "Recall@3": 0.016,
            "Recall@5": 0.024,
            "Recall@10": 0.044,
            "Recall@100": 0.182,
            "Recall@1000": 0.424
        },
        "Precision": {
            "P@1": 0.008,
            "P@3": 0.00533,
            "P@5": 0.0048,
            "P@10": 0.0044,
            "P@100": 0.00182,
            "P@1000": 0.00042
        }
    }
}