{
    "metrics": {
        "NDCG": {
            "NDCG@1": 0.356,
            "NDCG@3": 0.47202,
            "NDCG@5": 0.50171,
            "NDCG@10": 0.54109,
            "NDCG@100": 0.58582,
            "NDCG@1000": 0.59148
        },
        "MAP": {
            "MAP@1": 0.356,
            "MAP@3": 0.44367,
            "MAP@5": 0.46017,
            "MAP@10": 0.47638,
            "MAP@100": 0.4857,
            "MAP@1000": 0.48593
        },
        "Recall": {
            "Recall@1": 0.356,
            "Recall@3": 0.554,
            "Recall@5": 0.626,
            "Recall@10": 0.748,
            "Recall@100": 0.954,
            "Recall@1000": 0.998
        },
        "Precision": {
            "P@1": 0.356,
            "P@3": 0.18467,
            "P@5": 0.1252,
            "P@10": 0.0748,
            "P@100": 0.00954,
            "P@1000": 0.001
        }
    }
}