{
    "metrics": {
        "NDCG": {
            "NDCG@1": 0.152,
            "NDCG@3": 0.23778,
            "NDCG@5": 0.27994,
            "NDCG@10": 0.31674,
            "NDCG@100": 0.31674,
            "NDCG@1000": 0.31674
        },
        "MAP": {
            "MAP@1": 0.152,
            "MAP@3": 0.21633,
            "MAP@5": 0.23933,
            "MAP@10": 0.25448,
            "MAP@100": 0.25448,
            "MAP@1000": 0.25448
        },
        "Recall": {
            "Recall@1": 0.152,
            "Recall@3": 0.3,
            "Recall@5": 0.404,
            "Recall@10": 0.518,
            "Recall@100": 0.518,
            "Recall@1000": 0.518
        },
        "Precision": {
            "P@1": 0.152,
            "P@3": 0.1,
            "P@5": 0.0808,
            "P@10": 0.0518,
            "P@100": 0.00518,
            "P@1000": 0.00052
        }
    }
}