{
    "metrics": {
        "NDCG": {
            "NDCG@1": 0.082,
            "NDCG@3": 0.11193,
            "NDCG@5": 0.13,
            "NDCG@10": 0.1539,
            "NDCG@100": 0.22414,
            "NDCG@1000": 0.25838
        },
        "MAP": {
            "MAP@1": 0.082,
            "MAP@3": 0.10433,
            "MAP@5": 0.11433,
            "MAP@10": 0.12417,
            "MAP@100": 0.13677,
            "MAP@1000": 0.13792
        },
        "Recall": {
            "Recall@1": 0.082,
            "Recall@3": 0.134,
            "Recall@5": 0.178,
            "Recall@10": 0.252,
            "Recall@100": 0.602,
            "Recall@1000": 0.88
        },
        "Precision": {
            "P@1": 0.082,
            "P@3": 0.04467,
            "P@5": 0.0356,
            "P@10": 0.0252,
            "P@100": 0.00602,
            "P@1000": 0.00088
        }
    }
}