{
    "metrics": {
        "NDCG": {
            "NDCG@1": 0.17437,
            "NDCG@3": 0.18049,
            "NDCG@5": 0.18238,
            "NDCG@10": 0.19566,
            "NDCG@100": 0.30725,
            "NDCG@1000": 0.36775
        },
        "MAP": {
            "MAP@1": 0.0408,
            "MAP@3": 0.08348,
            "MAP@5": 0.1056,
            "MAP@10": 0.13536,
            "MAP@100": 0.17778,
            "MAP@1000": 0.18289
        },
        "Recall": {
            "Recall@1": 0.0408,
            "Recall@3": 0.10519,
            "Recall@5": 0.14583,
            "Recall@10": 0.21956,
            "Recall@100": 0.53646,
            "Recall@1000": 0.7999
        },
        "Precision": {
            "P@1": 0.17437,
            "P@3": 0.16188,
            "P@5": 0.14829,
            "P@10": 0.12121,
            "P@100": 0.03434,
            "P@1000": 0.00536
        }
    }
}