{
    "metrics": {
        "NDCG": {
            "NDCG@1": 0.89395,
            "NDCG@3": 0.92893,
            "NDCG@5": 0.93367,
            "NDCG@10": 0.93757,
            "NDCG@100": 0.9416,
            "NDCG@1000": 0.94217
        },
        "MAP": {
            "MAP@1": 0.89395,
            "MAP@3": 0.9208,
            "MAP@5": 0.92346,
            "MAP@10": 0.9251,
            "MAP@100": 0.92598,
            "MAP@1000": 0.92601
        },
        "Recall": {
            "Recall@1": 0.89395,
            "Recall@3": 0.95227,
            "Recall@5": 0.96367,
            "Recall@10": 0.97553,
            "Recall@100": 0.99383,
            "Recall@1000": 0.99832
        },
        "Precision": {
            "P@1": 0.89395,
            "P@3": 0.31742,
            "P@5": 0.19273,
            "P@10": 0.09755,
            "P@100": 0.00994,
            "P@1000": 0.001
        }
    }
}