{
    "metrics": {
        "NDCG": {
            "NDCG@1": 0.072,
            "NDCG@3": 0.12398,
            "NDCG@5": 0.14919,
            "NDCG@10": 0.18664,
            "NDCG@100": 0.26323,
            "NDCG@1000": 0.29257
        },
        "MAP": {
            "MAP@1": 0.072,
            "MAP@3": 0.10967,
            "MAP@5": 0.12347,
            "MAP@10": 0.1389,
            "MAP@100": 0.15328,
            "MAP@1000": 0.15434
        },
        "Recall": {
            "Recall@1": 0.072,
            "Recall@3": 0.166,
            "Recall@5": 0.228,
            "Recall@10": 0.344,
            "Recall@100": 0.716,
            "Recall@1000": 0.95
        },
        "Precision": {
            "P@1": 0.072,
            "P@3": 0.05533,
            "P@5": 0.0456,
            "P@10": 0.0344,
            "P@100": 0.00716,
            "P@1000": 0.00095
        }
    }
}