{
    "metrics": {
        "NDCG": {
            "NDCG@1": 0.50347,
            "NDCG@3": 0.58757,
            "NDCG@5": 0.60711,
            "NDCG@10": 0.62506,
            "NDCG@100": 0.65277,
            "NDCG@1000": 0.66257
        },
        "MAP": {
            "MAP@1": 0.50347,
            "MAP@3": 0.56725,
            "MAP@5": 0.57813,
            "MAP@10": 0.58557,
            "MAP@100": 0.59111,
            "MAP@1000": 0.59145
        },
        "Recall": {
            "Recall@1": 0.50347,
            "Recall@3": 0.64624,
            "Recall@5": 0.69351,
            "Recall@10": 0.74888,
            "Recall@100": 0.88029,
            "Recall@1000": 0.95946
        },
        "Precision": {
            "P@1": 0.50347,
            "P@3": 0.21541,
            "P@5": 0.1387,
            "P@10": 0.07489,
            "P@100": 0.0088,
            "P@1000": 0.00096
        }
    }
}