{
    "metrics": {
        "NDCG": {
            "NDCG@1": 0.318,
            "NDCG@3": 0.43193,
            "NDCG@5": 0.47428,
            "NDCG@10": 0.52433,
            "NDCG@100": 0.56868,
            "NDCG@1000": 0.57202
        },
        "MAP": {
            "MAP@1": 0.318,
            "MAP@3": 0.403,
            "MAP@5": 0.4267,
            "MAP@10": 0.44752,
            "MAP@100": 0.45714,
            "MAP@1000": 0.45727
        },
        "Recall": {
            "Recall@1": 0.318,
            "Recall@3": 0.516,
            "Recall@5": 0.618,
            "Recall@10": 0.772,
            "Recall@100": 0.974,
            "Recall@1000": 1.0
        },
        "Precision": {
            "P@1": 0.318,
            "P@3": 0.172,
            "P@5": 0.1236,
            "P@10": 0.0772,
            "P@100": 0.00974,
            "P@1000": 0.001
        }
    }
}