{
    "metrics": {
        "NDCG": {
            "NDCG@1": 0.262,
            "NDCG@3": 0.28517,
            "NDCG@5": 0.29213,
            "NDCG@10": 0.32221,
            "NDCG@100": 0.46165,
            "NDCG@1000": 0.512
        },
        "MAP": {
            "MAP@1": 0.07448,
            "MAP@3": 0.1563,
            "MAP@5": 0.19975,
            "MAP@10": 0.26113,
            "MAP@100": 0.32338,
            "MAP@1000": 0.32825
        },
        "Recall": {
            "Recall@1": 0.07448,
            "Recall@3": 0.18221,
            "Recall@5": 0.24205,
            "Recall@10": 0.35941,
            "Recall@100": 0.7486,
            "Recall@1000": 0.95951
        },
        "Precision": {
            "P@1": 0.262,
            "P@3": 0.254,
            "P@5": 0.234,
            "P@10": 0.1994,
            "P@100": 0.04854,
            "P@1000": 0.00646
        }
    }
}