{
    "metrics": {
        "NDCG": {
            "NDCG@1": 0.01,
            "NDCG@3": 0.01605,
            "NDCG@5": 0.01923,
            "NDCG@10": 0.02575,
            "NDCG@100": 0.05324,
            "NDCG@1000": 0.08326
        },
        "MAP": {
            "MAP@1": 0.01,
            "MAP@3": 0.01467,
            "MAP@5": 0.01637,
            "MAP@10": 0.01908,
            "MAP@100": 0.02394,
            "MAP@1000": 0.02478
        },
        "Recall": {
            "Recall@1": 0.01,
            "Recall@3": 0.02,
            "Recall@5": 0.028,
            "Recall@10": 0.048,
            "Recall@100": 0.186,
            "Recall@1000": 0.44
        },
        "Precision": {
            "P@1": 0.01,
            "P@3": 0.00667,
            "P@5": 0.0056,
            "P@10": 0.0048,
            "P@100": 0.00186,
            "P@1000": 0.00044
        }
    }
}