{
    "metrics": {
        "NDCG": {
            "NDCG@1": 0.25,
            "NDCG@3": 0.38771,
            "NDCG@5": 0.42532,
            "NDCG@10": 0.48801,
            "NDCG@100": 0.52223,
            "NDCG@1000": 0.52223
        },
        "MAP": {
            "MAP@1": 0.25,
            "MAP@3": 0.35133,
            "MAP@5": 0.37203,
            "MAP@10": 0.39789,
            "MAP@100": 0.40676,
            "MAP@1000": 0.40676
        },
        "Recall": {
            "Recall@1": 0.25,
            "Recall@3": 0.494,
            "Recall@5": 0.586,
            "Recall@10": 0.78,
            "Recall@100": 0.92,
            "Recall@1000": 0.92
        },
        "Precision": {
            "P@1": 0.25,
            "P@3": 0.16467,
            "P@5": 0.1172,
            "P@10": 0.078,
            "P@100": 0.0092,
            "P@1000": 0.00092
        }
    }
}