{
    "metrics": {
        "NDCG": {
            "NDCG@1": 0.326,
            "NDCG@3": 0.35481,
            "NDCG@5": 0.3773,
            "NDCG@10": 0.42404,
            "NDCG@100": 0.5592,
            "NDCG@1000": 0.59704
        },
        "MAP": {
            "MAP@1": 0.11474,
            "MAP@3": 0.21285,
            "MAP@5": 0.28507,
            "MAP@10": 0.38257,
            "MAP@100": 0.45915,
            "MAP@1000": 0.46239
        },
        "Recall": {
            "Recall@1": 0.11474,
            "Recall@3": 0.22666,
            "Recall@5": 0.31962,
            "Recall@10": 0.47724,
            "Recall@100": 0.82137,
            "Recall@1000": 0.98
        },
        "Precision": {
            "P@1": 0.326,
            "P@3": 0.30733,
            "P@5": 0.3004,
            "P@10": 0.2628,
            "P@100": 0.05444,
            "P@1000": 0.00662
        }
    }
}