{
    "metrics": {
        "NDCG": {
            "NDCG@1": 0.39233,
            "NDCG@3": 0.46856,
            "NDCG@5": 0.48893,
            "NDCG@10": 0.50791,
            "NDCG@100": 0.54165,
            "NDCG@1000": 0.55631
        },
        "MAP": {
            "MAP@1": 0.39233,
            "MAP@3": 0.45004,
            "MAP@5": 0.46134,
            "MAP@10": 0.46923,
            "MAP@100": 0.47576,
            "MAP@1000": 0.47626
        },
        "Recall": {
            "Recall@1": 0.39233,
            "Recall@3": 0.52205,
            "Recall@5": 0.57151,
            "Recall@10": 0.62992,
            "Recall@100": 0.79241,
            "Recall@1000": 0.91081
        },
        "Precision": {
            "P@1": 0.39233,
            "P@3": 0.17402,
            "P@5": 0.1143,
            "P@10": 0.06299,
            "P@100": 0.00792,
            "P@1000": 0.00091
        }
    }
}