{
    "metrics": {
        "NDCG": {
            "NDCG@1": 0.018,
            "NDCG@3": 0.02379,
            "NDCG@5": 0.03127,
            "NDCG@10": 0.03825,
            "NDCG@100": 0.05673,
            "NDCG@1000": 0.07188
        },
        "MAP": {
            "MAP@1": 0.018,
            "MAP@3": 0.02233,
            "MAP@5": 0.02653,
            "MAP@10": 0.02933,
            "MAP@100": 0.03272,
            "MAP@1000": 0.03322
        },
        "Recall": {
            "Recall@1": 0.018,
            "Recall@3": 0.028,
            "Recall@5": 0.046,
            "Recall@10": 0.068,
            "Recall@100": 0.16,
            "Recall@1000": 0.284
        },
        "Precision": {
            "P@1": 0.018,
            "P@3": 0.00933,
            "P@5": 0.0092,
            "P@10": 0.0068,
            "P@100": 0.0016,
            "P@1000": 0.00028
        }
    }
}