{
    "metrics": {
        "NDCG": {
            "NDCG@1": 0.24,
            "NDCG@3": 0.27634,
            "NDCG@5": 0.29598,
            "NDCG@10": 0.3331,
            "NDCG@100": 0.45855,
            "NDCG@1000": 0.51023
        },
        "MAP": {
            "MAP@1": 0.08826,
            "MAP@3": 0.16641,
            "MAP@5": 0.22146,
            "MAP@10": 0.30393,
            "MAP@100": 0.36059,
            "MAP@1000": 0.3652
        },
        "Recall": {
            "Recall@1": 0.08826,
            "Recall@3": 0.1823,
            "Recall@5": 0.2525,
            "Recall@10": 0.37857,
            "Recall@100": 0.72403,
            "Recall@1000": 0.9375
        },
        "Precision": {
            "P@1": 0.24,
            "P@3": 0.24,
            "P@5": 0.2368,
            "P@10": 0.2056,
            "P@100": 0.04738,
            "P@1000": 0.00631
        }
    }
}