{
    "metrics": {
        "NDCG": {
            "NDCG@1": 0.21,
            "NDCG@3": 0.28069,
            "NDCG@5": 0.31511,
            "NDCG@10": 0.34574,
            "NDCG@100": 0.40711,
            "NDCG@1000": 0.4298
        },
        "MAP": {
            "MAP@1": 0.21,
            "MAP@3": 0.263,
            "MAP@5": 0.282,
            "MAP@10": 0.29476,
            "MAP@100": 0.30582,
            "MAP@1000": 0.30664
        },
        "Recall": {
            "Recall@1": 0.21,
            "Recall@3": 0.332,
            "Recall@5": 0.416,
            "Recall@10": 0.51,
            "Recall@100": 0.814,
            "Recall@1000": 0.996
        },
        "Precision": {
            "P@1": 0.21,
            "P@3": 0.11067,
            "P@5": 0.0832,
            "P@10": 0.051,
            "P@100": 0.00814,
            "P@1000": 0.001
        }
    }
}