{
    "metrics": {
        "NDCG": {
            "NDCG@1": 0.188,
            "NDCG@3": 0.26147,
            "NDCG@5": 0.29857,
            "NDCG@10": 0.34455,
            "NDCG@100": 0.41212,
            "NDCG@1000": 0.42693
        },
        "MAP": {
            "MAP@1": 0.188,
            "MAP@3": 0.24333,
            "MAP@5": 0.26393,
            "MAP@10": 0.28255,
            "MAP@100": 0.29627,
            "MAP@1000": 0.29683
        },
        "Recall": {
            "Recall@1": 0.188,
            "Recall@3": 0.314,
            "Recall@5": 0.404,
            "Recall@10": 0.548,
            "Recall@100": 0.866,
            "Recall@1000": 0.982
        },
        "Precision": {
            "P@1": 0.188,
            "P@3": 0.10467,
            "P@5": 0.0808,
            "P@10": 0.0548,
            "P@100": 0.00866,
            "P@1000": 0.00098
        }
    }
}