{
    "metrics": {
        "NDCG": {
            "NDCG@1": 0.004,
            "NDCG@3": 0.00952,
            "NDCG@5": 0.01211,
            "NDCG@10": 0.01732,
            "NDCG@100": 0.02822,
            "NDCG@1000": 0.04852
        },
        "MAP": {
            "MAP@1": 0.004,
            "MAP@3": 0.008,
            "MAP@5": 0.0095,
            "MAP@10": 0.01168,
            "MAP@100": 0.01349,
            "MAP@1000": 0.01406
        },
        "Recall": {
            "Recall@1": 0.004,
            "Recall@3": 0.014,
            "Recall@5": 0.02,
            "Recall@10": 0.036,
            "Recall@100": 0.092,
            "Recall@1000": 0.264
        },
        "Precision": {
            "P@1": 0.004,
            "P@3": 0.00467,
            "P@5": 0.004,
            "P@10": 0.0036,
            "P@100": 0.00092,
            "P@1000": 0.00026
        }
    }
}