{
    "metrics": {
        "NDCG": {
            "NDCG@1": 0.006,
            "NDCG@3": 0.00952,
            "NDCG@5": 0.01193,
            "NDCG@10": 0.0173,
            "NDCG@100": 0.04305,
            "NDCG@1000": 0.06824
        },
        "MAP": {
            "MAP@1": 0.006,
            "MAP@3": 0.00867,
            "MAP@5": 0.00997,
            "MAP@10": 0.0123,
            "MAP@100": 0.01637,
            "MAP@1000": 0.01712
        },
        "Recall": {
            "Recall@1": 0.006,
            "Recall@3": 0.012,
            "Recall@5": 0.018,
            "Recall@10": 0.034,
            "Recall@100": 0.168,
            "Recall@1000": 0.378
        },
        "Precision": {
            "P@1": 0.006,
            "P@3": 0.004,
            "P@5": 0.0036,
            "P@10": 0.0034,
            "P@100": 0.00168,
            "P@1000": 0.00038
        }
    }
}