{
    "metrics": {
        "NDCG": {
            "NDCG@1": 0.334,
            "NDCG@3": 0.45728,
            "NDCG@5": 0.4992,
            "NDCG@10": 0.53729,
            "NDCG@100": 0.58025,
            "NDCG@1000": 0.5852
        },
        "MAP": {
            "MAP@1": 0.334,
            "MAP@3": 0.42667,
            "MAP@5": 0.44987,
            "MAP@10": 0.46554,
            "MAP@100": 0.47488,
            "MAP@1000": 0.47508
        },
        "Recall": {
            "Recall@1": 0.334,
            "Recall@3": 0.546,
            "Recall@5": 0.648,
            "Recall@10": 0.766,
            "Recall@100": 0.962,
            "Recall@1000": 1.0
        },
        "Precision": {
            "P@1": 0.334,
            "P@3": 0.182,
            "P@5": 0.1296,
            "P@10": 0.0766,
            "P@100": 0.00962,
            "P@1000": 0.001
        }
    }
}