{
    "metrics": {
        "NDCG": {
            "NDCG@1": 0.098,
            "NDCG@3": 0.14476,
            "NDCG@5": 0.16542,
            "NDCG@10": 0.20438,
            "NDCG@100": 0.28079,
            "NDCG@1000": 0.3075
        },
        "MAP": {
            "MAP@1": 0.098,
            "MAP@3": 0.13267,
            "MAP@5": 0.14417,
            "MAP@10": 0.16032,
            "MAP@100": 0.17503,
            "MAP@1000": 0.17606
        },
        "Recall": {
            "Recall@1": 0.098,
            "Recall@3": 0.18,
            "Recall@5": 0.23,
            "Recall@10": 0.35,
            "Recall@100": 0.72,
            "Recall@1000": 0.93
        },
        "Precision": {
            "P@1": 0.098,
            "P@3": 0.06,
            "P@5": 0.046,
            "P@10": 0.035,
            "P@100": 0.0072,
            "P@1000": 0.00093
        }
    }
}