{
    "metrics": {
        "NDCG": {
            "NDCG@1": 0.16,
            "NDCG@3": 0.22369,
            "NDCG@5": 0.25708,
            "NDCG@10": 0.30884,
            "NDCG@100": 0.3825,
            "NDCG@1000": 0.39843
        },
        "MAP": {
            "MAP@1": 0.16,
            "MAP@3": 0.20833,
            "MAP@5": 0.22663,
            "MAP@10": 0.24801,
            "MAP@100": 0.26269,
            "MAP@1000": 0.26331
        },
        "Recall": {
            "Recall@1": 0.16,
            "Recall@3": 0.268,
            "Recall@5": 0.35,
            "Recall@10": 0.51,
            "Recall@100": 0.858,
            "Recall@1000": 0.982
        },
        "Precision": {
            "P@1": 0.16,
            "P@3": 0.08933,
            "P@5": 0.07,
            "P@10": 0.051,
            "P@100": 0.00858,
            "P@1000": 0.00098
        }
    }
}