{
    "metrics": {
        "NDCG": {
            "NDCG@1": 0.124,
            "NDCG@3": 0.19612,
            "NDCG@5": 0.23277,
            "NDCG@10": 0.27351,
            "NDCG@100": 0.34536,
            "NDCG@1000": 0.36443
        },
        "MAP": {
            "MAP@1": 0.124,
            "MAP@3": 0.177,
            "MAP@5": 0.1971,
            "MAP@10": 0.2139,
            "MAP@100": 0.22703,
            "MAP@1000": 0.22782
        },
        "Recall": {
            "Recall@1": 0.124,
            "Recall@3": 0.252,
            "Recall@5": 0.342,
            "Recall@10": 0.468,
            "Recall@100": 0.822,
            "Recall@1000": 0.968
        },
        "Precision": {
            "P@1": 0.124,
            "P@3": 0.084,
            "P@5": 0.0684,
            "P@10": 0.0468,
            "P@100": 0.00822,
            "P@1000": 0.00097
        }
    }
}