{
    "metrics": {
        "NDCG": {
            "NDCG@1": 0.072,
            "NDCG@3": 0.11581,
            "NDCG@5": 0.13225,
            "NDCG@10": 0.15282,
            "NDCG@100": 0.23208,
            "NDCG@1000": 0.27065
        },
        "MAP": {
            "MAP@1": 0.072,
            "MAP@3": 0.10533,
            "MAP@5": 0.11443,
            "MAP@10": 0.12286,
            "MAP@100": 0.13555,
            "MAP@1000": 0.13734
        },
        "Recall": {
            "Recall@1": 0.072,
            "Recall@3": 0.146,
            "Recall@5": 0.186,
            "Recall@10": 0.25,
            "Recall@100": 0.664,
            "Recall@1000": 0.948
        },
        "Precision": {
            "P@1": 0.072,
            "P@3": 0.04867,
            "P@5": 0.0372,
            "P@10": 0.025,
            "P@100": 0.00664,
            "P@1000": 0.00095
        }
    }
}