{
    "metrics": {
        "NDCG": {
            "NDCG@1": 0.354,
            "NDCG@3": 0.49959,
            "NDCG@5": 0.53927,
            "NDCG@10": 0.5589,
            "NDCG@100": 0.5589,
            "NDCG@1000": 0.5589
        },
        "MAP": {
            "MAP@1": 0.354,
            "MAP@3": 0.46233,
            "MAP@5": 0.48443,
            "MAP@10": 0.49304,
            "MAP@100": 0.49304,
            "MAP@1000": 0.49304
        },
        "Recall": {
            "Recall@1": 0.354,
            "Recall@3": 0.608,
            "Recall@5": 0.704,
            "Recall@10": 0.762,
            "Recall@100": 0.762,
            "Recall@1000": 0.762
        },
        "Precision": {
            "P@1": 0.354,
            "P@3": 0.20267,
            "P@5": 0.1408,
            "P@10": 0.0762,
            "P@100": 0.00762,
            "P@1000": 0.00076
        }
    }
}