{
    "metrics": {
        "NDCG": {
            "NDCG@1": 0.172,
            "NDCG@3": 0.23433,
            "NDCG@5": 0.27211,
            "NDCG@10": 0.31621,
            "NDCG@100": 0.39332,
            "NDCG@1000": 0.40692
        },
        "MAP": {
            "MAP@1": 0.172,
            "MAP@3": 0.218,
            "MAP@5": 0.2389,
            "MAP@10": 0.25716,
            "MAP@100": 0.27233,
            "MAP@1000": 0.27289
        },
        "Recall": {
            "Recall@1": 0.172,
            "Recall@3": 0.282,
            "Recall@5": 0.374,
            "Recall@10": 0.51,
            "Recall@100": 0.878,
            "Recall@1000": 0.982
        },
        "Precision": {
            "P@1": 0.172,
            "P@3": 0.094,
            "P@5": 0.0748,
            "P@10": 0.051,
            "P@100": 0.00878,
            "P@1000": 0.00098
        }
    }
}