{
    "metrics": {
        "NDCG": {
            "NDCG@1": 0.244,
            "NDCG@3": 0.32526,
            "NDCG@5": 0.34773,
            "NDCG@10": 0.38416,
            "NDCG@100": 0.47268,
            "NDCG@1000": 0.47796
        },
        "MAP": {
            "MAP@1": 0.244,
            "MAP@3": 0.305,
            "MAP@5": 0.3176,
            "MAP@10": 0.33237,
            "MAP@100": 0.35115,
            "MAP@1000": 0.35139
        },
        "Recall": {
            "Recall@1": 0.244,
            "Recall@3": 0.384,
            "Recall@5": 0.438,
            "Recall@10": 0.552,
            "Recall@100": 0.958,
            "Recall@1000": 0.998
        },
        "Precision": {
            "P@1": 0.244,
            "P@3": 0.128,
            "P@5": 0.0876,
            "P@10": 0.0552,
            "P@100": 0.00958,
            "P@1000": 0.001
        }
    }
}