{
    "metrics": {
        "NDCG": {
            "NDCG@1": 0.37,
            "NDCG@3": 0.39821,
            "NDCG@5": 0.40895,
            "NDCG@10": 0.44848,
            "NDCG@100": 0.5879,
            "NDCG@1000": 0.6167
        },
        "MAP": {
            "MAP@1": 0.11082,
            "MAP@3": 0.21155,
            "MAP@5": 0.27629,
            "MAP@10": 0.37214,
            "MAP@100": 0.44941,
            "MAP@1000": 0.45229
        },
        "Recall": {
            "Recall@1": 0.11082,
            "Recall@3": 0.2338,
            "Recall@5": 0.32455,
            "Recall@10": 0.49607,
            "Recall@100": 0.87113,
            "Recall@1000": 0.99071
        },
        "Precision": {
            "P@1": 0.37,
            "P@3": 0.35467,
            "P@5": 0.3308,
            "P@10": 0.2832,
            "P@100": 0.05766,
            "P@1000": 0.00665
        }
    }
}