{
    "metrics": {
        "NDCG": {
            "NDCG@1": 0.312,
            "NDCG@3": 0.42507,
            "NDCG@5": 0.46654,
            "NDCG@10": 0.50961,
            "NDCG@100": 0.55915,
            "NDCG@1000": 0.56414
        },
        "MAP": {
            "MAP@1": 0.312,
            "MAP@3": 0.39833,
            "MAP@5": 0.42103,
            "MAP@10": 0.43904,
            "MAP@100": 0.44989,
            "MAP@1000": 0.4501
        },
        "Recall": {
            "Recall@1": 0.312,
            "Recall@3": 0.502,
            "Recall@5": 0.604,
            "Recall@10": 0.736,
            "Recall@100": 0.96,
            "Recall@1000": 0.998
        },
        "Precision": {
            "P@1": 0.312,
            "P@3": 0.16733,
            "P@5": 0.1208,
            "P@10": 0.0736,
            "P@100": 0.0096,
            "P@1000": 0.001
        }
    }
}