{
    "metrics": {
        "NDCG": {
            "NDCG@1": 0.232,
            "NDCG@3": 0.32278,
            "NDCG@5": 0.35902,
            "NDCG@10": 0.39804,
            "NDCG@100": 0.45972,
            "NDCG@1000": 0.47267
        },
        "MAP": {
            "MAP@1": 0.232,
            "MAP@3": 0.29967,
            "MAP@5": 0.31977,
            "MAP@10": 0.336,
            "MAP@100": 0.34877,
            "MAP@1000": 0.34933
        },
        "Recall": {
            "Recall@1": 0.232,
            "Recall@3": 0.39,
            "Recall@5": 0.478,
            "Recall@10": 0.598,
            "Recall@100": 0.886,
            "Recall@1000": 0.984
        },
        "Precision": {
            "P@1": 0.232,
            "P@3": 0.13,
            "P@5": 0.0956,
            "P@10": 0.0598,
            "P@100": 0.00886,
            "P@1000": 0.00098
        }
    }
}