{
    "metrics": {
        "NDCG": {
            "NDCG@1": 0.044,
            "NDCG@3": 0.08071,
            "NDCG@5": 0.10868,
            "NDCG@10": 0.14463,
            "NDCG@100": 0.23747,
            "NDCG@1000": 0.26227
        },
        "MAP": {
            "MAP@1": 0.044,
            "MAP@3": 0.07133,
            "MAP@5": 0.08683,
            "MAP@10": 0.10188,
            "MAP@100": 0.11839,
            "MAP@1000": 0.11927
        },
        "Recall": {
            "Recall@1": 0.044,
            "Recall@3": 0.108,
            "Recall@5": 0.176,
            "Recall@10": 0.286,
            "Recall@100": 0.75,
            "Recall@1000": 0.948
        },
        "Precision": {
            "P@1": 0.044,
            "P@3": 0.036,
            "P@5": 0.0352,
            "P@10": 0.0286,
            "P@100": 0.0075,
            "P@1000": 0.00095
        }
    }
}