{
    "metrics": {
        "NDCG": {
            "NDCG@1": 0.366,
            "NDCG@3": 0.50685,
            "NDCG@5": 0.54567,
            "NDCG@10": 0.56529,
            "NDCG@100": 0.56529,
            "NDCG@1000": 0.56529
        },
        "MAP": {
            "MAP@1": 0.366,
            "MAP@3": 0.47133,
            "MAP@5": 0.49293,
            "MAP@10": 0.50153,
            "MAP@100": 0.50153,
            "MAP@1000": 0.50153
        },
        "Recall": {
            "Recall@1": 0.366,
            "Recall@3": 0.61,
            "Recall@5": 0.704,
            "Recall@10": 0.762,
            "Recall@100": 0.762,
            "Recall@1000": 0.762
        },
        "Precision": {
            "P@1": 0.366,
            "P@3": 0.20333,
            "P@5": 0.1408,
            "P@10": 0.0762,
            "P@100": 0.00762,
            "P@1000": 0.00076
        }
    }
}