{
    "metrics": {
        "NDCG": {
            "NDCG@1": 0.156,
            "NDCG@3": 0.23721,
            "NDCG@5": 0.27835,
            "NDCG@10": 0.32143,
            "NDCG@100": 0.39374,
            "NDCG@1000": 0.40737
        },
        "MAP": {
            "MAP@1": 0.156,
            "MAP@3": 0.21633,
            "MAP@5": 0.23913,
            "MAP@10": 0.25675,
            "MAP@100": 0.27093,
            "MAP@1000": 0.27147
        },
        "Recall": {
            "Recall@1": 0.156,
            "Recall@3": 0.298,
            "Recall@5": 0.398,
            "Recall@10": 0.532,
            "Recall@100": 0.878,
            "Recall@1000": 0.984
        },
        "Precision": {
            "P@1": 0.156,
            "P@3": 0.09933,
            "P@5": 0.0796,
            "P@10": 0.0532,
            "P@100": 0.00878,
            "P@1000": 0.00098
        }
    }
}