{
    "metrics": {
        "NDCG": {
            "NDCG@1": 0.406,
            "NDCG@3": 0.50166,
            "NDCG@5": 0.54031,
            "NDCG@10": 0.57263,
            "NDCG@100": 0.57263,
            "NDCG@1000": 0.57263
        },
        "MAP": {
            "MAP@1": 0.406,
            "MAP@3": 0.47867,
            "MAP@5": 0.50007,
            "MAP@10": 0.51339,
            "MAP@100": 0.51339,
            "MAP@1000": 0.51339
        },
        "Recall": {
            "Recall@1": 0.406,
            "Recall@3": 0.568,
            "Recall@5": 0.662,
            "Recall@10": 0.762,
            "Recall@100": 0.762,
            "Recall@1000": 0.762
        },
        "Precision": {
            "P@1": 0.406,
            "P@3": 0.18933,
            "P@5": 0.1324,
            "P@10": 0.0762,
            "P@100": 0.00762,
            "P@1000": 0.00076
        }
    }
}