{
    "metrics": {
        "NDCG": {
            "NDCG@1": 0.144,
            "NDCG@3": 0.2259,
            "NDCG@5": 0.27358,
            "NDCG@10": 0.32314,
            "NDCG@100": 0.39163,
            "NDCG@1000": 0.40452
        },
        "MAP": {
            "MAP@1": 0.144,
            "MAP@3": 0.204,
            "MAP@5": 0.2304,
            "MAP@10": 0.25148,
            "MAP@100": 0.26484,
            "MAP@1000": 0.26536
        },
        "Recall": {
            "Recall@1": 0.144,
            "Recall@3": 0.29,
            "Recall@5": 0.406,
            "Recall@10": 0.556,
            "Recall@100": 0.884,
            "Recall@1000": 0.984
        },
        "Precision": {
            "P@1": 0.144,
            "P@3": 0.09667,
            "P@5": 0.0812,
            "P@10": 0.0556,
            "P@100": 0.00884,
            "P@1000": 0.00098
        }
    }
}