{
    "metrics": {
        "NDCG": {
            "NDCG@1": 0.078,
            "NDCG@3": 0.13912,
            "NDCG@5": 0.17166,
            "NDCG@10": 0.20211,
            "NDCG@100": 0.27631,
            "NDCG@1000": 0.3032
        },
        "MAP": {
            "MAP@1": 0.078,
            "MAP@3": 0.12367,
            "MAP@5": 0.14197,
            "MAP@10": 0.15456,
            "MAP@100": 0.16774,
            "MAP@1000": 0.1688
        },
        "Recall": {
            "Recall@1": 0.078,
            "Recall@3": 0.184,
            "Recall@5": 0.262,
            "Recall@10": 0.356,
            "Recall@100": 0.726,
            "Recall@1000": 0.936
        },
        "Precision": {
            "P@1": 0.078,
            "P@3": 0.06133,
            "P@5": 0.0524,
            "P@10": 0.0356,
            "P@100": 0.00726,
            "P@1000": 0.00094
        }
    }
}