{
    "metrics": {
        "NDCG": {
            "NDCG@1": 0.158,
            "NDCG@3": 0.23086,
            "NDCG@5": 0.27613,
            "NDCG@10": 0.32814,
            "NDCG@100": 0.39638,
            "NDCG@1000": 0.40926
        },
        "MAP": {
            "MAP@1": 0.158,
            "MAP@3": 0.21133,
            "MAP@5": 0.23643,
            "MAP@10": 0.25845,
            "MAP@100": 0.27163,
            "MAP@1000": 0.27214
        },
        "Recall": {
            "Recall@1": 0.158,
            "Recall@3": 0.288,
            "Recall@5": 0.398,
            "Recall@10": 0.556,
            "Recall@100": 0.884,
            "Recall@1000": 0.984
        },
        "Precision": {
            "P@1": 0.158,
            "P@3": 0.096,
            "P@5": 0.0796,
            "P@10": 0.0556,
            "P@100": 0.00884,
            "P@1000": 0.00098
        }
    }
}