{
    "metrics": {
        "NDCG": {
            "NDCG@1": 0.00074,
            "NDCG@3": 0.00078,
            "NDCG@5": 0.00083,
            "NDCG@10": 0.00086,
            "NDCG@100": 0.001,
            "NDCG@1000": 0.00182
        },
        "MAP": {
            "MAP@1": 0.00074,
            "MAP@3": 0.00077,
            "MAP@5": 0.0008,
            "MAP@10": 0.00081,
            "MAP@100": 0.00083,
            "MAP@1000": 0.00085
        },
        "Recall": {
            "Recall@1": 0.00074,
            "Recall@3": 0.0008,
            "Recall@5": 0.00094,
            "Recall@10": 0.00101,
            "Recall@100": 0.00174,
            "Recall@1000": 0.00885
        },
        "Precision": {
            "P@1": 0.00074,
            "P@3": 0.00027,
            "P@5": 0.00019,
            "P@10": 0.0001,
            "P@100": 2e-05,
            "P@1000": 1e-05
        }
    }
}