{
    "metrics": {
        "NDCG": {
            "NDCG@1": 0.05,
            "NDCG@3": 0.08755,
            "NDCG@5": 0.10209,
            "NDCG@10": 0.12965,
            "NDCG@100": 0.20034,
            "NDCG@1000": 0.24033
        },
        "MAP": {
            "MAP@1": 0.05,
            "MAP@3": 0.079,
            "MAP@5": 0.0869,
            "MAP@10": 0.09812,
            "MAP@100": 0.11191,
            "MAP@1000": 0.11333
        },
        "Recall": {
            "Recall@1": 0.05,
            "Recall@3": 0.112,
            "Recall@5": 0.148,
            "Recall@10": 0.234,
            "Recall@100": 0.574,
            "Recall@1000": 0.894
        },
        "Precision": {
            "P@1": 0.05,
            "P@3": 0.03733,
            "P@5": 0.0296,
            "P@10": 0.0234,
            "P@100": 0.00574,
            "P@1000": 0.00089
        }
    }
}