{
    "metrics": {
        "NDCG": {
            "NDCG@1": 0.308,
            "NDCG@3": 0.42807,
            "NDCG@5": 0.47515,
            "NDCG@10": 0.50856,
            "NDCG@100": 0.55165,
            "NDCG@1000": 0.55929
        },
        "MAP": {
            "MAP@1": 0.308,
            "MAP@3": 0.399,
            "MAP@5": 0.4252,
            "MAP@10": 0.43887,
            "MAP@100": 0.44727,
            "MAP@1000": 0.44756
        },
        "Recall": {
            "Recall@1": 0.308,
            "Recall@3": 0.512,
            "Recall@5": 0.626,
            "Recall@10": 0.73,
            "Recall@100": 0.936,
            "Recall@1000": 0.996
        },
        "Precision": {
            "P@1": 0.308,
            "P@3": 0.17067,
            "P@5": 0.1252,
            "P@10": 0.073,
            "P@100": 0.00936,
            "P@1000": 0.001
        }
    }
}