{
    "metrics": {
        "NDCG": {
            "NDCG@1": 0.80761,
            "NDCG@3": 0.86245,
            "NDCG@5": 0.87142,
            "NDCG@10": 0.87867,
            "NDCG@100": 0.88684,
            "NDCG@1000": 0.88844
        },
        "MAP": {
            "MAP@1": 0.80761,
            "MAP@3": 0.84956,
            "MAP@5": 0.85455,
            "MAP@10": 0.85758,
            "MAP@100": 0.85928,
            "MAP@1000": 0.85934
        },
        "Recall": {
            "Recall@1": 0.80761,
            "Recall@3": 0.89952,
            "Recall@5": 0.92124,
            "Recall@10": 0.94349,
            "Recall@100": 0.98136,
            "Recall@1000": 0.99403
        },
        "Precision": {
            "P@1": 0.80761,
            "P@3": 0.29984,
            "P@5": 0.18425,
            "P@10": 0.09435,
            "P@100": 0.00981,
            "P@1000": 0.00099
        }
    }
}