{
    "metrics": {
        "NDCG": {
            "NDCG@1": 0.39471,
            "NDCG@3": 0.48262,
            "NDCG@5": 0.50577,
            "NDCG@10": 0.52784,
            "NDCG@100": 0.56379,
            "NDCG@1000": 0.57605
        },
        "MAP": {
            "MAP@1": 0.39471,
            "MAP@3": 0.46142,
            "MAP@5": 0.47431,
            "MAP@10": 0.48351,
            "MAP@100": 0.4906,
            "MAP@1000": 0.49102
        },
        "Recall": {
            "Recall@1": 0.39471,
            "Recall@3": 0.5438,
            "Recall@5": 0.59985,
            "Recall@10": 0.6676,
            "Recall@100": 0.83914,
            "Recall@1000": 0.9381
        },
        "Precision": {
            "P@1": 0.39471,
            "P@3": 0.18127,
            "P@5": 0.11997,
            "P@10": 0.06676,
            "P@100": 0.00839,
            "P@1000": 0.00094
        }
    }
}