{
    "metrics": {
        "NDCG": {
            "NDCG@1": 0.148,
            "NDCG@3": 0.22259,
            "NDCG@5": 0.27105,
            "NDCG@10": 0.33011,
            "NDCG@100": 0.4004,
            "NDCG@1000": 0.41126
        },
        "MAP": {
            "MAP@1": 0.148,
            "MAP@3": 0.20233,
            "MAP@5": 0.22913,
            "MAP@10": 0.25402,
            "MAP@100": 0.2684,
            "MAP@1000": 0.26883
        },
        "Recall": {
            "Recall@1": 0.148,
            "Recall@3": 0.282,
            "Recall@5": 0.4,
            "Recall@10": 0.58,
            "Recall@100": 0.908,
            "Recall@1000": 0.992
        },
        "Precision": {
            "P@1": 0.148,
            "P@3": 0.094,
            "P@5": 0.08,
            "P@10": 0.058,
            "P@100": 0.00908,
            "P@1000": 0.00099
        }
    }
}