{
    "metrics": {
        "NDCG": {
            "NDCG@1": 0.27195,
            "NDCG@3": 0.33834,
            "NDCG@5": 0.35915,
            "NDCG@10": 0.37994,
            "NDCG@100": 0.41993,
            "NDCG@1000": 0.43881
        },
        "MAP": {
            "MAP@1": 0.27195,
            "MAP@3": 0.32199,
            "MAP@5": 0.33358,
            "MAP@10": 0.34216,
            "MAP@100": 0.3497,
            "MAP@1000": 0.35033
        },
        "Recall": {
            "Recall@1": 0.27195,
            "Recall@3": 0.38564,
            "Recall@5": 0.43605,
            "Recall@10": 0.50027,
            "Recall@100": 0.69493,
            "Recall@1000": 0.8481
        },
        "Precision": {
            "P@1": 0.27195,
            "P@3": 0.12855,
            "P@5": 0.08721,
            "P@10": 0.05003,
            "P@100": 0.00695,
            "P@1000": 0.00085
        }
    }
}