{
    "metrics": {
        "NDCG": {
            "NDCG@1": 0.116,
            "NDCG@3": 0.09139,
            "NDCG@5": 0.11174,
            "NDCG@10": 0.13539,
            "NDCG@100": 0.2422,
            "NDCG@1000": 0.30085
        },
        "MAP": {
            "MAP@1": 0.03867,
            "MAP@3": 0.06467,
            "MAP@5": 0.07663,
            "MAP@10": 0.08773,
            "MAP@100": 0.11051,
            "MAP@1000": 0.11381
        },
        "Recall": {
            "Recall@1": 0.03867,
            "Recall@3": 0.084,
            "Recall@5": 0.11933,
            "Recall@10": 0.17133,
            "Recall@100": 0.55533,
            "Recall@1000": 0.88867
        },
        "Precision": {
            "P@1": 0.116,
            "P@3": 0.084,
            "P@5": 0.0716,
            "P@10": 0.0514,
            "P@100": 0.01666,
            "P@1000": 0.00267
        }
    }
}