{
    "metrics": {
        "NDCG": {
            "NDCG@1": 0.41321,
            "NDCG@3": 0.49861,
            "NDCG@5": 0.52019,
            "NDCG@10": 0.53995,
            "NDCG@100": 0.57274,
            "NDCG@1000": 0.58562
        },
        "MAP": {
            "MAP@1": 0.41321,
            "MAP@3": 0.47788,
            "MAP@5": 0.48987,
            "MAP@10": 0.49807,
            "MAP@100": 0.50451,
            "MAP@1000": 0.50492
        },
        "Recall": {
            "Recall@1": 0.41321,
            "Recall@3": 0.5585,
            "Recall@5": 0.6108,
            "Recall@10": 0.67168,
            "Recall@100": 0.82846,
            "Recall@1000": 0.93416
        },
        "Precision": {
            "P@1": 0.41321,
            "P@3": 0.18617,
            "P@5": 0.12216,
            "P@10": 0.06717,
            "P@100": 0.00828,
            "P@1000": 0.00093
        }
    }
}