{
    "metrics": {
        "NDCG": {
            "NDCG@1": 0.41858,
            "NDCG@3": 0.50477,
            "NDCG@5": 0.52614,
            "NDCG@10": 0.54619,
            "NDCG@100": 0.57813,
            "NDCG@1000": 0.59076
        },
        "MAP": {
            "MAP@1": 0.41858,
            "MAP@3": 0.48393,
            "MAP@5": 0.49583,
            "MAP@10": 0.50415,
            "MAP@100": 0.5104,
            "MAP@1000": 0.51082
        },
        "Recall": {
            "Recall@1": 0.41858,
            "Recall@3": 0.56496,
            "Recall@5": 0.61665,
            "Recall@10": 0.67841,
            "Recall@100": 0.83125,
            "Recall@1000": 0.93416
        },
        "Precision": {
            "P@1": 0.41858,
            "P@3": 0.18832,
            "P@5": 0.12333,
            "P@10": 0.06784,
            "P@100": 0.00831,
            "P@1000": 0.00093
        }
    }
}