{
    "metrics": {
        "NDCG": {
            "NDCG@1": 0.32,
            "NDCG@3": 0.44881,
            "NDCG@5": 0.48703,
            "NDCG@10": 0.5221,
            "NDCG@100": 0.56746,
            "NDCG@1000": 0.57463
        },
        "MAP": {
            "MAP@1": 0.32,
            "MAP@3": 0.41667,
            "MAP@5": 0.43807,
            "MAP@10": 0.453,
            "MAP@100": 0.46312,
            "MAP@1000": 0.46339
        },
        "Recall": {
            "Recall@1": 0.32,
            "Recall@3": 0.542,
            "Recall@5": 0.634,
            "Recall@10": 0.74,
            "Recall@100": 0.944,
            "Recall@1000": 1.0
        },
        "Precision": {
            "P@1": 0.32,
            "P@3": 0.18067,
            "P@5": 0.1268,
            "P@10": 0.074,
            "P@100": 0.00944,
            "P@1000": 0.001
        }
    }
}