{
    "metrics": {
        "NDCG": {
            "NDCG@1": 0.3909,
            "NDCG@3": 0.4783,
            "NDCG@5": 0.50147,
            "NDCG@10": 0.52348,
            "NDCG@100": 0.55931,
            "NDCG@1000": 0.57206
        },
        "MAP": {
            "MAP@1": 0.3909,
            "MAP@3": 0.45716,
            "MAP@5": 0.47004,
            "MAP@10": 0.47916,
            "MAP@100": 0.48616,
            "MAP@1000": 0.4866
        },
        "Recall": {
            "Recall@1": 0.3909,
            "Recall@3": 0.53931,
            "Recall@5": 0.5955,
            "Recall@10": 0.66338,
            "Recall@100": 0.83506,
            "Recall@1000": 0.93817
        },
        "Precision": {
            "P@1": 0.3909,
            "P@3": 0.17977,
            "P@5": 0.1191,
            "P@10": 0.06634,
            "P@100": 0.00835,
            "P@1000": 0.00094
        }
    }
}