{
    "metrics": {
        "NDCG": {
            "NDCG@1": 0.38111,
            "NDCG@3": 0.45766,
            "NDCG@5": 0.47762,
            "NDCG@10": 0.49756,
            "NDCG@100": 0.53242,
            "NDCG@1000": 0.54694
        },
        "MAP": {
            "MAP@1": 0.38111,
            "MAP@3": 0.43908,
            "MAP@5": 0.45018,
            "MAP@10": 0.45844,
            "MAP@100": 0.46516,
            "MAP@1000": 0.46566
        },
        "Recall": {
            "Recall@1": 0.38111,
            "Recall@3": 0.51132,
            "Recall@5": 0.55969,
            "Recall@10": 0.62118,
            "Recall@100": 0.78943,
            "Recall@1000": 0.90683
        },
        "Precision": {
            "P@1": 0.38111,
            "P@3": 0.17044,
            "P@5": 0.11194,
            "P@10": 0.06212,
            "P@100": 0.00789,
            "P@1000": 0.00091
        }
    }
}