{
    "metrics": {
        "NDCG": {
            "NDCG@1": 0.218,
            "NDCG@3": 0.29717,
            "NDCG@5": 0.32857,
            "NDCG@10": 0.37425,
            "NDCG@100": 0.43706,
            "NDCG@1000": 0.4518
        },
        "MAP": {
            "MAP@1": 0.218,
            "MAP@3": 0.27633,
            "MAP@5": 0.29333,
            "MAP@10": 0.31243,
            "MAP@100": 0.3251,
            "MAP@1000": 0.32573
        },
        "Recall": {
            "Recall@1": 0.218,
            "Recall@3": 0.358,
            "Recall@5": 0.436,
            "Recall@10": 0.576,
            "Recall@100": 0.874,
            "Recall@1000": 0.986
        },
        "Precision": {
            "P@1": 0.218,
            "P@3": 0.11933,
            "P@5": 0.0872,
            "P@10": 0.0576,
            "P@100": 0.00874,
            "P@1000": 0.00099
        }
    }
}