{
    "metrics": {
        "NDCG": {
            "NDCG@1": 0.346,
            "NDCG@3": 0.46702,
            "NDCG@5": 0.51298,
            "NDCG@10": 0.54335,
            "NDCG@100": 0.58414,
            "NDCG@1000": 0.58951
        },
        "MAP": {
            "MAP@1": 0.346,
            "MAP@3": 0.437,
            "MAP@5": 0.4624,
            "MAP@10": 0.47491,
            "MAP@100": 0.48278,
            "MAP@1000": 0.48299
        },
        "Recall": {
            "Recall@1": 0.346,
            "Recall@3": 0.554,
            "Recall@5": 0.666,
            "Recall@10": 0.76,
            "Recall@100": 0.956,
            "Recall@1000": 0.998
        },
        "Precision": {
            "P@1": 0.346,
            "P@3": 0.18467,
            "P@5": 0.1332,
            "P@10": 0.076,
            "P@100": 0.00956,
            "P@1000": 0.001
        }
    }
}