{
    "metrics": {
        "NDCG": {
            "NDCG@1": 0.188,
            "NDCG@3": 0.27626,
            "NDCG@5": 0.31826,
            "NDCG@10": 0.35326,
            "NDCG@100": 0.40289,
            "NDCG@1000": 0.40289
        },
        "MAP": {
            "MAP@1": 0.188,
            "MAP@3": 0.25367,
            "MAP@5": 0.27697,
            "MAP@10": 0.29107,
            "MAP@100": 0.30368,
            "MAP@1000": 0.30368
        },
        "Recall": {
            "Recall@1": 0.188,
            "Recall@3": 0.342,
            "Recall@5": 0.444,
            "Recall@10": 0.554,
            "Recall@100": 0.76,
            "Recall@1000": 0.76
        },
        "Precision": {
            "P@1": 0.188,
            "P@3": 0.114,
            "P@5": 0.0888,
            "P@10": 0.0554,
            "P@100": 0.0076,
            "P@1000": 0.00076
        }
    }
}