{
    "metrics": {
        "NDCG": {
            "NDCG@1": 0.064,
            "NDCG@3": 0.10345,
            "NDCG@5": 0.13409,
            "NDCG@10": 0.15683,
            "NDCG@100": 0.20762,
            "NDCG@1000": 0.23472
        },
        "MAP": {
            "MAP@1": 0.064,
            "MAP@3": 0.093,
            "MAP@5": 0.1101,
            "MAP@10": 0.11955,
            "MAP@100": 0.12961,
            "MAP@1000": 0.13055
        },
        "Recall": {
            "Recall@1": 0.064,
            "Recall@3": 0.134,
            "Recall@5": 0.208,
            "Recall@10": 0.278,
            "Recall@100": 0.52,
            "Recall@1000": 0.738
        },
        "Precision": {
            "P@1": 0.064,
            "P@3": 0.04467,
            "P@5": 0.0416,
            "P@10": 0.0278,
            "P@100": 0.0052,
            "P@1000": 0.00074
        }
    }
}