{
    "metrics": {
        "NDCG": {
            "NDCG@1": 0.244,
            "NDCG@3": 0.26376,
            "NDCG@5": 0.2684,
            "NDCG@10": 0.28817,
            "NDCG@100": 0.41196,
            "NDCG@1000": 0.47514
        },
        "MAP": {
            "MAP@1": 0.06915,
            "MAP@3": 0.136,
            "MAP@5": 0.17426,
            "MAP@10": 0.22927,
            "MAP@100": 0.28326,
            "MAP@1000": 0.2883
        },
        "Recall": {
            "Recall@1": 0.06915,
            "Recall@3": 0.15967,
            "Recall@5": 0.21718,
            "Recall@10": 0.31513,
            "Recall@100": 0.66364,
            "Recall@1000": 0.94333
        },
        "Precision": {
            "P@1": 0.244,
            "P@3": 0.23667,
            "P@5": 0.2156,
            "P@10": 0.1802,
            "P@100": 0.04338,
            "P@1000": 0.00631
        }
    }
}