{
    "metrics": {
        "NDCG": {
            "NDCG@1": 0.17,
            "NDCG@3": 0.26905,
            "NDCG@5": 0.31363,
            "NDCG@10": 0.36443,
            "NDCG@100": 0.44162,
            "NDCG@1000": 0.44247
        },
        "MAP": {
            "MAP@1": 0.17,
            "MAP@3": 0.24333,
            "MAP@5": 0.26813,
            "MAP@10": 0.28893,
            "MAP@100": 0.30588,
            "MAP@1000": 0.30592
        },
        "Recall": {
            "Recall@1": 0.17,
            "Recall@3": 0.344,
            "Recall@5": 0.452,
            "Recall@10": 0.61,
            "Recall@100": 0.958,
            "Recall@1000": 0.964
        },
        "Precision": {
            "P@1": 0.17,
            "P@3": 0.11467,
            "P@5": 0.0904,
            "P@10": 0.061,
            "P@100": 0.00958,
            "P@1000": 0.00096
        }
    }
}