{
    "metrics": {
        "NDCG": {
            "NDCG@1": 0.49692,
            "NDCG@3": 0.58511,
            "NDCG@5": 0.60549,
            "NDCG@10": 0.6221,
            "NDCG@100": 0.65096,
            "NDCG@1000": 0.65981
        },
        "MAP": {
            "MAP@1": 0.49692,
            "MAP@3": 0.56401,
            "MAP@5": 0.57533,
            "MAP@10": 0.58222,
            "MAP@100": 0.58795,
            "MAP@1000": 0.58826
        },
        "Recall": {
            "Recall@1": 0.49692,
            "Recall@3": 0.64593,
            "Recall@5": 0.69533,
            "Recall@10": 0.74655,
            "Recall@100": 0.88397,
            "Recall@1000": 0.95515
        },
        "Precision": {
            "P@1": 0.49692,
            "P@3": 0.21531,
            "P@5": 0.13907,
            "P@10": 0.07465,
            "P@100": 0.00884,
            "P@1000": 0.00096
        }
    }
}