{
    "metrics": {
        "NDCG": {
            "NDCG@1": 0.084,
            "NDCG@3": 0.11414,
            "NDCG@5": 0.13686,
            "NDCG@10": 0.16181,
            "NDCG@100": 0.22812,
            "NDCG@1000": 0.26341
        },
        "MAP": {
            "MAP@1": 0.084,
            "MAP@3": 0.106,
            "MAP@5": 0.1184,
            "MAP@10": 0.12854,
            "MAP@100": 0.14092,
            "MAP@1000": 0.14215
        },
        "Recall": {
            "Recall@1": 0.084,
            "Recall@3": 0.138,
            "Recall@5": 0.194,
            "Recall@10": 0.272,
            "Recall@100": 0.598,
            "Recall@1000": 0.882
        },
        "Precision": {
            "P@1": 0.084,
            "P@3": 0.046,
            "P@5": 0.0388,
            "P@10": 0.0272,
            "P@100": 0.00598,
            "P@1000": 0.00088
        }
    }
}