{
    "metrics": {
        "NDCG": {
            "NDCG@1": 0.258,
            "NDCG@3": 0.38164,
            "NDCG@5": 0.43052,
            "NDCG@10": 0.47109,
            "NDCG@100": 0.51918,
            "NDCG@1000": 0.52713
        },
        "MAP": {
            "MAP@1": 0.258,
            "MAP@3": 0.35233,
            "MAP@5": 0.37913,
            "MAP@10": 0.39577,
            "MAP@100": 0.40584,
            "MAP@1000": 0.40619
        },
        "Recall": {
            "Recall@1": 0.258,
            "Recall@3": 0.466,
            "Recall@5": 0.586,
            "Recall@10": 0.712,
            "Recall@100": 0.936,
            "Recall@1000": 0.996
        },
        "Precision": {
            "P@1": 0.258,
            "P@3": 0.15533,
            "P@5": 0.1172,
            "P@10": 0.0712,
            "P@100": 0.00936,
            "P@1000": 0.001
        }
    }
}