{
    "metrics": {
        "NDCG": {
            "NDCG@1": 0.32,
            "NDCG@3": 0.45312,
            "NDCG@5": 0.4909,
            "NDCG@10": 0.52857,
            "NDCG@100": 0.57037,
            "NDCG@1000": 0.57724
        },
        "MAP": {
            "MAP@1": 0.32,
            "MAP@3": 0.42033,
            "MAP@5": 0.44123,
            "MAP@10": 0.45688,
            "MAP@100": 0.46592,
            "MAP@1000": 0.46618
        },
        "Recall": {
            "Recall@1": 0.32,
            "Recall@3": 0.548,
            "Recall@5": 0.64,
            "Recall@10": 0.756,
            "Recall@100": 0.946,
            "Recall@1000": 1.0
        },
        "Precision": {
            "P@1": 0.32,
            "P@3": 0.18267,
            "P@5": 0.128,
            "P@10": 0.0756,
            "P@100": 0.00946,
            "P@1000": 0.001
        }
    }
}