{
    "metrics": {
        "NDCG": {
            "NDCG@1": 0.002,
            "NDCG@3": 0.003,
            "NDCG@5": 0.00377,
            "NDCG@10": 0.00498,
            "NDCG@100": 0.01353,
            "NDCG@1000": 0.02448
        },
        "MAP": {
            "MAP@1": 0.002,
            "MAP@3": 0.00267,
            "MAP@5": 0.00307,
            "MAP@10": 0.00352,
            "MAP@100": 0.00488,
            "MAP@1000": 0.00515
        },
        "Recall": {
            "Recall@1": 0.002,
            "Recall@3": 0.004,
            "Recall@5": 0.006,
            "Recall@10": 0.01,
            "Recall@100": 0.054,
            "Recall@1000": 0.148
        },
        "Precision": {
            "P@1": 0.002,
            "P@3": 0.00133,
            "P@5": 0.0012,
            "P@10": 0.001,
            "P@100": 0.00054,
            "P@1000": 0.00015
        }
    }
}