{
    "metrics": {
        "NDCG": {
            "NDCG@1": 0.376,
            "NDCG@3": 0.49033,
            "NDCG@5": 0.52734,
            "NDCG@10": 0.56091,
            "NDCG@100": 0.56091,
            "NDCG@1000": 0.56091
        },
        "MAP": {
            "MAP@1": 0.376,
            "MAP@3": 0.46333,
            "MAP@5": 0.48383,
            "MAP@10": 0.49765,
            "MAP@100": 0.49765,
            "MAP@1000": 0.49765
        },
        "Recall": {
            "Recall@1": 0.376,
            "Recall@3": 0.568,
            "Recall@5": 0.658,
            "Recall@10": 0.762,
            "Recall@100": 0.762,
            "Recall@1000": 0.762
        },
        "Precision": {
            "P@1": 0.376,
            "P@3": 0.18933,
            "P@5": 0.1316,
            "P@10": 0.0762,
            "P@100": 0.00762,
            "P@1000": 0.00076
        }
    }
}