{
    "metrics": {
        "NDCG": {
            "NDCG@1": 0.18243,
            "NDCG@3": 0.21323,
            "NDCG@5": 0.23017,
            "NDCG@10": 0.26008,
            "NDCG@100": 0.37653,
            "NDCG@1000": 0.42828
        },
        "MAP": {
            "MAP@1": 0.05981,
            "MAP@3": 0.12337,
            "MAP@5": 0.16865,
            "MAP@10": 0.23321,
            "MAP@100": 0.28679,
            "MAP@1000": 0.291
        },
        "Recall": {
            "Recall@1": 0.05981,
            "Recall@3": 0.13892,
            "Recall@5": 0.19894,
            "Recall@10": 0.29952,
            "Recall@100": 0.6223,
            "Recall@1000": 0.84171
        },
        "Precision": {
            "P@1": 0.18243,
            "P@3": 0.19119,
            "P@5": 0.18973,
            "P@10": 0.16652,
            "P@100": 0.04039,
            "P@1000": 0.00565
        }
    }
}