{
    "metrics": {
        "NDCG": {
            "NDCG@1": 0.03,
            "NDCG@3": 0.05588,
            "NDCG@5": 0.0681,
            "NDCG@10": 0.09063,
            "NDCG@100": 0.1565
        },
        "MAP": {
            "MAP@1": 0.03,
            "MAP@3": 0.049,
            "MAP@5": 0.0557,
            "MAP@10": 0.06494,
            "MAP@100": 0.07612
        },
        "Recall": {
            "Recall@1": 0.03,
            "Recall@3": 0.076,
            "Recall@5": 0.106,
            "Recall@10": 0.176,
            "Recall@100": 0.51
        },
        "Precision": {
            "P@1": 0.03,
            "P@3": 0.02533,
            "P@5": 0.0212,
            "P@10": 0.0176,
            "P@100": 0.0051
        }
    }
}