{
    "metrics": {
        "NDCG": {
            "NDCG@1": 0.214,
            "NDCG@3": 0.20839,
            "NDCG@5": 0.20612,
            "NDCG@10": 0.2214,
            "NDCG@100": 0.33694,
            "NDCG@1000": 0.41116
        },
        "MAP": {
            "MAP@1": 0.04749,
            "MAP@3": 0.09497,
            "MAP@5": 0.11913,
            "MAP@10": 0.15152,
            "MAP@100": 0.19684,
            "MAP@1000": 0.20282
        },
        "Recall": {
            "Recall@1": 0.04749,
            "Recall@3": 0.1133,
            "Recall@5": 0.15499,
            "Recall@10": 0.24348,
            "Recall@100": 0.57176,
            "Recall@1000": 0.89962
        },
        "Precision": {
            "P@1": 0.214,
            "P@3": 0.18867,
            "P@5": 0.1688,
            "P@10": 0.138,
            "P@100": 0.037,
            "P@1000": 0.00606
        }
    }
}