{
    "metrics": {
        "NDCG": {
            "NDCG@1": 0.45368,
            "NDCG@3": 0.53641,
            "NDCG@5": 0.55599,
            "NDCG@10": 0.57394,
            "NDCG@100": 0.60297,
            "NDCG@1000": 0.61511
        },
        "MAP": {
            "MAP@1": 0.45368,
            "MAP@3": 0.51639,
            "MAP@5": 0.52727,
            "MAP@10": 0.53469,
            "MAP@100": 0.54037,
            "MAP@1000": 0.54078
        },
        "Recall": {
            "Recall@1": 0.45368,
            "Recall@3": 0.5942,
            "Recall@5": 0.64168,
            "Recall@10": 0.69712,
            "Recall@100": 0.83601,
            "Recall@1000": 0.9345
        },
        "Precision": {
            "P@1": 0.45368,
            "P@3": 0.19807,
            "P@5": 0.12834,
            "P@10": 0.06971,
            "P@100": 0.00836,
            "P@1000": 0.00093
        }
    }
}