{
    "metrics": {
        "NDCG": {
            "NDCG@1": 0.378,
            "NDCG@3": 0.49776,
            "NDCG@5": 0.53812,
            "NDCG@10": 0.57404,
            "NDCG@100": 0.61296,
            "NDCG@1000": 0.61647
        },
        "MAP": {
            "MAP@1": 0.378,
            "MAP@3": 0.468,
            "MAP@5": 0.4904,
            "MAP@10": 0.50542,
            "MAP@100": 0.5136,
            "MAP@1000": 0.51377
        },
        "Recall": {
            "Recall@1": 0.378,
            "Recall@3": 0.584,
            "Recall@5": 0.682,
            "Recall@10": 0.792,
            "Recall@100": 0.972,
            "Recall@1000": 0.998
        },
        "Precision": {
            "P@1": 0.378,
            "P@3": 0.19467,
            "P@5": 0.1364,
            "P@10": 0.0792,
            "P@100": 0.00972,
            "P@1000": 0.001
        }
    }
}