{
    "metrics": {
        "NDCG": {
            "NDCG@1": 0.38845,
            "NDCG@3": 0.4761,
            "NDCG@5": 0.49848,
            "NDCG@10": 0.52034,
            "NDCG@100": 0.55529,
            "NDCG@1000": 0.56883
        },
        "MAP": {
            "MAP@1": 0.38845,
            "MAP@3": 0.45479,
            "MAP@5": 0.46723,
            "MAP@10": 0.47627,
            "MAP@100": 0.48313,
            "MAP@1000": 0.48357
        },
        "Recall": {
            "Recall@1": 0.38845,
            "Recall@3": 0.53768,
            "Recall@5": 0.59189,
            "Recall@10": 0.65943,
            "Recall@100": 0.82655,
            "Recall@1000": 0.93708
        },
        "Precision": {
            "P@1": 0.38845,
            "P@3": 0.17923,
            "P@5": 0.11838,
            "P@10": 0.06594,
            "P@100": 0.00827,
            "P@1000": 0.00094
        }
    }
}