{
    "metrics": {
        "NDCG": {
            "NDCG@1": 0.132,
            "NDCG@3": 0.2009,
            "NDCG@5": 0.22379,
            "NDCG@10": 0.25087,
            "NDCG@100": 0.31208,
            "NDCG@1000": 0.33124
        },
        "MAP": {
            "MAP@1": 0.132,
            "MAP@3": 0.18333,
            "MAP@5": 0.19593,
            "MAP@10": 0.20706,
            "MAP@100": 0.21894,
            "MAP@1000": 0.21965
        },
        "Recall": {
            "Recall@1": 0.132,
            "Recall@3": 0.252,
            "Recall@5": 0.308,
            "Recall@10": 0.392,
            "Recall@100": 0.686,
            "Recall@1000": 0.838
        },
        "Precision": {
            "P@1": 0.132,
            "P@3": 0.084,
            "P@5": 0.0616,
            "P@10": 0.0392,
            "P@100": 0.00686,
            "P@1000": 0.00084
        }
    }
}