{
    "metrics": {
        "NDCG": {
            "NDCG@1": 0.06,
            "NDCG@3": 0.11176,
            "NDCG@5": 0.13689,
            "NDCG@10": 0.17159,
            "NDCG@100": 0.23302
        },
        "MAP": {
            "MAP@1": 0.06,
            "MAP@3": 0.098,
            "MAP@5": 0.1117,
            "MAP@10": 0.12628,
            "MAP@100": 0.13708
        },
        "Recall": {
            "Recall@1": 0.06,
            "Recall@3": 0.152,
            "Recall@5": 0.214,
            "Recall@10": 0.32,
            "Recall@100": 0.628
        },
        "Precision": {
            "P@1": 0.06,
            "P@3": 0.05067,
            "P@5": 0.0428,
            "P@10": 0.032,
            "P@100": 0.00628
        }
    }
}