{
    "metrics": {
        "NDCG": {
            "NDCG@1": 0.298,
            "NDCG@3": 0.38988,
            "NDCG@5": 0.42309,
            "NDCG@10": 0.46012,
            "NDCG@100": 0.51262,
            "NDCG@1000": 0.52601
        },
        "MAP": {
            "MAP@1": 0.298,
            "MAP@3": 0.36767,
            "MAP@5": 0.38577,
            "MAP@10": 0.40115,
            "MAP@100": 0.41247,
            "MAP@1000": 0.41295
        },
        "Recall": {
            "Recall@1": 0.298,
            "Recall@3": 0.454,
            "Recall@5": 0.536,
            "Recall@10": 0.65,
            "Recall@100": 0.892,
            "Recall@1000": 0.998
        },
        "Precision": {
            "P@1": 0.298,
            "P@3": 0.15133,
            "P@5": 0.1072,
            "P@10": 0.065,
            "P@100": 0.00892,
            "P@1000": 0.001
        }
    }
}