{
    "metrics": {
        "NDCG": {
            "NDCG@1": 0.324,
            "NDCG@3": 0.4455,
            "NDCG@5": 0.48544,
            "NDCG@10": 0.53338,
            "NDCG@100": 0.57667,
            "NDCG@1000": 0.57971
        },
        "MAP": {
            "MAP@1": 0.324,
            "MAP@3": 0.415,
            "MAP@5": 0.4374,
            "MAP@10": 0.45761,
            "MAP@100": 0.46669,
            "MAP@1000": 0.4668
        },
        "Recall": {
            "Recall@1": 0.324,
            "Recall@3": 0.534,
            "Recall@5": 0.63,
            "Recall@10": 0.776,
            "Recall@100": 0.976,
            "Recall@1000": 1.0
        },
        "Precision": {
            "P@1": 0.324,
            "P@3": 0.178,
            "P@5": 0.126,
            "P@10": 0.0776,
            "P@100": 0.00976,
            "P@1000": 0.001
        }
    }
}