{
    "metrics": {
        "NDCG": {
            "NDCG@1": 0.316,
            "NDCG@3": 0.43976,
            "NDCG@5": 0.47694,
            "NDCG@10": 0.51437,
            "NDCG@100": 0.55679,
            "NDCG@1000": 0.56468
        },
        "MAP": {
            "MAP@1": 0.316,
            "MAP@3": 0.40867,
            "MAP@5": 0.42937,
            "MAP@10": 0.44513,
            "MAP@100": 0.45358,
            "MAP@1000": 0.45387
        },
        "Recall": {
            "Recall@1": 0.316,
            "Recall@3": 0.53,
            "Recall@5": 0.62,
            "Recall@10": 0.734,
            "Recall@100": 0.936,
            "Recall@1000": 0.998
        },
        "Precision": {
            "P@1": 0.316,
            "P@3": 0.17667,
            "P@5": 0.124,
            "P@10": 0.0734,
            "P@100": 0.00936,
            "P@1000": 0.001
        }
    }
}