{
    "metrics": {
        "NDCG": {
            "NDCG@1": 0.006,
            "NDCG@3": 0.006,
            "NDCG@5": 0.00927,
            "NDCG@10": 0.01587,
            "NDCG@100": 0.03652,
            "NDCG@1000": 0.06323
        },
        "MAP": {
            "MAP@1": 0.006,
            "MAP@3": 0.006,
            "MAP@5": 0.0078,
            "MAP@10": 0.0106,
            "MAP@100": 0.01367,
            "MAP@1000": 0.01447
        },
        "Recall": {
            "Recall@1": 0.006,
            "Recall@3": 0.006,
            "Recall@5": 0.014,
            "Recall@10": 0.034,
            "Recall@100": 0.144,
            "Recall@1000": 0.366
        },
        "Precision": {
            "P@1": 0.006,
            "P@3": 0.002,
            "P@5": 0.0028,
            "P@10": 0.0034,
            "P@100": 0.00144,
            "P@1000": 0.00037
        }
    }
}