{
    "metrics": {
        "NDCG": {
            "NDCG@1": 0.39974,
            "NDCG@3": 0.4911,
            "NDCG@5": 0.5138,
            "NDCG@10": 0.53649,
            "NDCG@100": 0.57173,
            "NDCG@1000": 0.58352
        },
        "MAP": {
            "MAP@1": 0.39974,
            "MAP@3": 0.46898,
            "MAP@5": 0.48158,
            "MAP@10": 0.49099,
            "MAP@100": 0.49788,
            "MAP@1000": 0.49827
        },
        "Recall": {
            "Recall@1": 0.39974,
            "Recall@3": 0.55496,
            "Recall@5": 0.61005,
            "Recall@10": 0.68004,
            "Recall@100": 0.8488,
            "Recall@1000": 0.94436
        },
        "Precision": {
            "P@1": 0.39974,
            "P@3": 0.18499,
            "P@5": 0.12201,
            "P@10": 0.068,
            "P@100": 0.00849,
            "P@1000": 0.00094
        }
    }
}