{
    "metrics": {
        "NDCG": {
            "NDCG@1": 0.204,
            "NDCG@3": 0.2116,
            "NDCG@5": 0.21205,
            "NDCG@10": 0.22375,
            "NDCG@100": 0.32524,
            "NDCG@1000": 0.37876
        },
        "MAP": {
            "MAP@1": 0.05468,
            "MAP@3": 0.11552,
            "MAP@5": 0.14123,
            "MAP@10": 0.17237,
            "MAP@100": 0.21255,
            "MAP@1000": 0.2167
        },
        "Recall": {
            "Recall@1": 0.05468,
            "Recall@3": 0.13761,
            "Recall@5": 0.17913,
            "Recall@10": 0.24467,
            "Recall@100": 0.53348,
            "Recall@1000": 0.76044
        },
        "Precision": {
            "P@1": 0.204,
            "P@3": 0.18667,
            "P@5": 0.164,
            "P@10": 0.1276,
            "P@100": 0.03222,
            "P@1000": 0.00499
        }
    }
}