{
    "metrics": {
        "NDCG": {
            "NDCG@1": 0.358,
            "NDCG@3": 0.47376,
            "NDCG@5": 0.51601,
            "NDCG@10": 0.55161,
            "NDCG@100": 0.5923,
            "NDCG@1000": 0.59735
        },
        "MAP": {
            "MAP@1": 0.358,
            "MAP@3": 0.44533,
            "MAP@5": 0.46843,
            "MAP@10": 0.48315,
            "MAP@100": 0.49196,
            "MAP@1000": 0.49214
        },
        "Recall": {
            "Recall@1": 0.358,
            "Recall@3": 0.556,
            "Recall@5": 0.66,
            "Recall@10": 0.77,
            "Recall@100": 0.956,
            "Recall@1000": 0.996
        },
        "Precision": {
            "P@1": 0.358,
            "P@3": 0.18533,
            "P@5": 0.132,
            "P@10": 0.077,
            "P@100": 0.00956,
            "P@1000": 0.001
        }
    }
}