{
    "metrics": {
        "NDCG": {
            "NDCG@1": 0.206,
            "NDCG@3": 0.19506,
            "NDCG@5": 0.19208,
            "NDCG@10": 0.19991,
            "NDCG@100": 0.2995,
            "NDCG@1000": 0.37732
        },
        "MAP": {
            "MAP@1": 0.04737,
            "MAP@3": 0.08751,
            "MAP@5": 0.10966,
            "MAP@10": 0.13642,
            "MAP@100": 0.17474,
            "MAP@1000": 0.18065
        },
        "Recall": {
            "Recall@1": 0.04737,
            "Recall@3": 0.09756,
            "Recall@5": 0.14158,
            "Recall@10": 0.21227,
            "Recall@100": 0.49893,
            "Recall@1000": 0.84635
        },
        "Precision": {
            "P@1": 0.206,
            "P@3": 0.17733,
            "P@5": 0.1568,
            "P@10": 0.124,
            "P@100": 0.03244,
            "P@1000": 0.00567
        }
    }
}