{
    "metrics": {
        "NDCG": {
            "NDCG@1": 0.41607,
            "NDCG@3": 0.49448,
            "NDCG@5": 0.51551,
            "NDCG@10": 0.53393,
            "NDCG@100": 0.56768,
            "NDCG@1000": 0.58175
        },
        "MAP": {
            "MAP@1": 0.41607,
            "MAP@3": 0.47557,
            "MAP@5": 0.48723,
            "MAP@10": 0.49483,
            "MAP@100": 0.50154,
            "MAP@1000": 0.50201
        },
        "Recall": {
            "Recall@1": 0.41607,
            "Recall@3": 0.54907,
            "Recall@5": 0.60012,
            "Recall@10": 0.65713,
            "Recall@100": 0.81754,
            "Recall@1000": 0.93216
        },
        "Precision": {
            "P@1": 0.41607,
            "P@3": 0.18302,
            "P@5": 0.12002,
            "P@10": 0.06571,
            "P@100": 0.00818,
            "P@1000": 0.00093
        }
    }
}