{
    "metrics": {
        "NDCG": {
            "NDCG@1": 0.47258,
            "NDCG@3": 0.55966,
            "NDCG@5": 0.57997,
            "NDCG@10": 0.59821,
            "NDCG@100": 0.62855,
            "NDCG@1000": 0.63862
        },
        "MAP": {
            "MAP@1": 0.47258,
            "MAP@3": 0.53844,
            "MAP@5": 0.54972,
            "MAP@10": 0.55729,
            "MAP@100": 0.56326,
            "MAP@1000": 0.56361
        },
        "Recall": {
            "Recall@1": 0.47258,
            "Recall@3": 0.62099,
            "Recall@5": 0.67026,
            "Recall@10": 0.72644,
            "Recall@100": 0.87123,
            "Recall@1000": 0.95207
        },
        "Precision": {
            "P@1": 0.47258,
            "P@3": 0.207,
            "P@5": 0.13405,
            "P@10": 0.07264,
            "P@100": 0.00871,
            "P@1000": 0.00095
        }
    }
}