{
    "metrics": {
        "NDCG": {
            "NDCG@1": 0.084,
            "NDCG@3": 0.14007,
            "NDCG@5": 0.17045,
            "NDCG@10": 0.20755,
            "NDCG@100": 0.28254,
            "NDCG@1000": 0.31103
        },
        "MAP": {
            "MAP@1": 0.084,
            "MAP@3": 0.12567,
            "MAP@5": 0.14247,
            "MAP@10": 0.15792,
            "MAP@100": 0.17154,
            "MAP@1000": 0.17258
        },
        "Recall": {
            "Recall@1": 0.084,
            "Recall@3": 0.182,
            "Recall@5": 0.256,
            "Recall@10": 0.37,
            "Recall@100": 0.74,
            "Recall@1000": 0.966
        },
        "Precision": {
            "P@1": 0.084,
            "P@3": 0.06067,
            "P@5": 0.0512,
            "P@10": 0.037,
            "P@100": 0.0074,
            "P@1000": 0.00097
        }
    }
}