{
    "metrics": {
        "NDCG": {
            "NDCG@1": 0.38429,
            "NDCG@3": 0.46256,
            "NDCG@5": 0.48193,
            "NDCG@10": 0.50126,
            "NDCG@100": 0.53475,
            "NDCG@1000": 0.55014
        },
        "MAP": {
            "MAP@1": 0.38429,
            "MAP@3": 0.44352,
            "MAP@5": 0.4543,
            "MAP@10": 0.46231,
            "MAP@100": 0.46876,
            "MAP@1000": 0.46927
        },
        "Recall": {
            "Recall@1": 0.38429,
            "Recall@3": 0.51758,
            "Recall@5": 0.56446,
            "Recall@10": 0.62406,
            "Recall@100": 0.78566,
            "Recall@1000": 0.91081
        },
        "Precision": {
            "P@1": 0.38429,
            "P@3": 0.17253,
            "P@5": 0.11289,
            "P@10": 0.06241,
            "P@100": 0.00786,
            "P@1000": 0.00091
        }
    }
}