{
    "metrics": {
        "NDCG": {
            "NDCG@1": 0.142,
            "NDCG@3": 0.19798,
            "NDCG@5": 0.24583,
            "NDCG@10": 0.29247,
            "NDCG@100": 0.36071,
            "NDCG@1000": 0.38049
        },
        "MAP": {
            "MAP@1": 0.142,
            "MAP@3": 0.18233,
            "MAP@5": 0.20893,
            "MAP@10": 0.22822,
            "MAP@100": 0.24215,
            "MAP@1000": 0.24289
        },
        "Recall": {
            "Recall@1": 0.142,
            "Recall@3": 0.244,
            "Recall@5": 0.36,
            "Recall@10": 0.504,
            "Recall@100": 0.824,
            "Recall@1000": 0.98
        },
        "Precision": {
            "P@1": 0.142,
            "P@3": 0.08133,
            "P@5": 0.072,
            "P@10": 0.0504,
            "P@100": 0.00824,
            "P@1000": 0.00098
        }
    }
}