{
    "metrics": {
        "NDCG": {
            "NDCG@1": 0.152,
            "NDCG@3": 0.14955,
            "NDCG@5": 0.15138,
            "NDCG@10": 0.16125,
            "NDCG@100": 0.25211,
            "NDCG@1000": 0.31746
        },
        "MAP": {
            "MAP@1": 0.03748,
            "MAP@3": 0.06833,
            "MAP@5": 0.08638,
            "MAP@10": 0.1088,
            "MAP@100": 0.14238,
            "MAP@1000": 0.14715
        },
        "Recall": {
            "Recall@1": 0.03748,
            "Recall@3": 0.08074,
            "Recall@5": 0.11514,
            "Recall@10": 0.17424,
            "Recall@100": 0.43354,
            "Recall@1000": 0.7283
        },
        "Precision": {
            "P@1": 0.152,
            "P@3": 0.13518,
            "P@5": 0.12491,
            "P@10": 0.10236,
            "P@100": 0.02842,
            "P@1000": 0.00488
        }
    }
}