{
    "metrics": {
        "NDCG": {
            "NDCG@1": 0.07,
            "NDCG@3": 0.12728,
            "NDCG@5": 0.14518,
            "NDCG@10": 0.17591,
            "NDCG@100": 0.2479,
            "NDCG@1000": 0.28305
        },
        "MAP": {
            "MAP@1": 0.07,
            "MAP@3": 0.112,
            "MAP@5": 0.1218,
            "MAP@10": 0.13429,
            "MAP@100": 0.14792,
            "MAP@1000": 0.14908
        },
        "Recall": {
            "Recall@1": 0.07,
            "Recall@3": 0.172,
            "Recall@5": 0.216,
            "Recall@10": 0.312,
            "Recall@100": 0.662,
            "Recall@1000": 0.948
        },
        "Precision": {
            "P@1": 0.07,
            "P@3": 0.05733,
            "P@5": 0.0432,
            "P@10": 0.0312,
            "P@100": 0.00662,
            "P@1000": 0.00095
        }
    }
}