{
    "metrics": {
        "NDCG": {
            "NDCG@1": 0.232,
            "NDCG@3": 0.17663,
            "NDCG@5": 0.20748,
            "NDCG@10": 0.25054,
            "NDCG@100": 0.36649,
            "NDCG@1000": 0.40851
        },
        "MAP": {
            "MAP@1": 0.07733,
            "MAP@3": 0.13067,
            "MAP@5": 0.15157,
            "MAP@10": 0.17457,
            "MAP@100": 0.20378,
            "MAP@1000": 0.20634
        },
        "Recall": {
            "Recall@1": 0.07733,
            "Recall@3": 0.16067,
            "Recall@5": 0.214,
            "Recall@10": 0.308,
            "Recall@100": 0.71267,
            "Recall@1000": 0.94933
        },
        "Precision": {
            "P@1": 0.232,
            "P@3": 0.16067,
            "P@5": 0.1284,
            "P@10": 0.0924,
            "P@100": 0.02138,
            "P@1000": 0.00285
        }
    }
}