{
    "metrics": {
        "NDCG": {
            "NDCG@1": 0.144,
            "NDCG@3": 0.20943,
            "NDCG@5": 0.23791,
            "NDCG@10": 0.27785,
            "NDCG@100": 0.35108,
            "NDCG@1000": 0.37312
        },
        "MAP": {
            "MAP@1": 0.144,
            "MAP@3": 0.19333,
            "MAP@5": 0.20893,
            "MAP@10": 0.2257,
            "MAP@100": 0.24005,
            "MAP@1000": 0.24091
        },
        "Recall": {
            "Recall@1": 0.144,
            "Recall@3": 0.256,
            "Recall@5": 0.326,
            "Recall@10": 0.448,
            "Recall@100": 0.798,
            "Recall@1000": 0.97
        },
        "Precision": {
            "P@1": 0.144,
            "P@3": 0.08533,
            "P@5": 0.0652,
            "P@10": 0.0448,
            "P@100": 0.00798,
            "P@1000": 0.00097
        }
    }
}