{
    "metrics": {
        "NDCG": {
            "NDCG@1": 0.0,
            "NDCG@3": 0.001,
            "NDCG@5": 0.00177,
            "NDCG@10": 0.00372,
            "NDCG@100": 0.00865,
            "NDCG@1000": 0.0153
        },
        "MAP": {
            "MAP@1": 0.0,
            "MAP@3": 0.00067,
            "MAP@5": 0.00107,
            "MAP@10": 0.00187,
            "MAP@100": 0.00266,
            "MAP@1000": 0.00282
        },
        "Recall": {
            "Recall@1": 0.0,
            "Recall@3": 0.002,
            "Recall@5": 0.004,
            "Recall@10": 0.01,
            "Recall@100": 0.036,
            "Recall@1000": 0.094
        },
        "Precision": {
            "P@1": 0.0,
            "P@3": 0.00067,
            "P@5": 0.0008,
            "P@10": 0.001,
            "P@100": 0.00036,
            "P@1000": 9e-05
        }
    }
}