{
    "metrics": {
        "NDCG": {
            "NDCG@1": 0.24,
            "NDCG@3": 0.25514,
            "NDCG@5": 0.26275,
            "NDCG@10": 0.28726,
            "NDCG@100": 0.42154,
            "NDCG@1000": 0.47966
        },
        "MAP": {
            "MAP@1": 0.06984,
            "MAP@3": 0.13355,
            "MAP@5": 0.17165,
            "MAP@10": 0.22616,
            "MAP@100": 0.28571,
            "MAP@1000": 0.29093
        },
        "Recall": {
            "Recall@1": 0.06984,
            "Recall@3": 0.1526,
            "Recall@5": 0.2108,
            "Recall@10": 0.31942,
            "Recall@100": 0.6919,
            "Recall@1000": 0.94333
        },
        "Precision": {
            "P@1": 0.24,
            "P@3": 0.22867,
            "P@5": 0.2124,
            "P@10": 0.1792,
            "P@100": 0.04522,
            "P@1000": 0.00631
        }
    }
}