{
    "metrics": {
        "NDCG": {
            "NDCG@1": 0.51951,
            "NDCG@3": 0.60341,
            "NDCG@5": 0.6227,
            "NDCG@10": 0.63924,
            "NDCG@100": 0.66703,
            "NDCG@1000": 0.67587
        },
        "MAP": {
            "MAP@1": 0.51951,
            "MAP@3": 0.58313,
            "MAP@5": 0.59387,
            "MAP@10": 0.60073,
            "MAP@100": 0.60633,
            "MAP@1000": 0.60664
        },
        "Recall": {
            "Recall@1": 0.51951,
            "Recall@3": 0.66195,
            "Recall@5": 0.70861,
            "Recall@10": 0.75962,
            "Recall@100": 0.89087,
            "Recall@1000": 0.96166
        },
        "Precision": {
            "P@1": 0.51951,
            "P@3": 0.22065,
            "P@5": 0.14172,
            "P@10": 0.07596,
            "P@100": 0.00891,
            "P@1000": 0.00096
        }
    }
}