{
    "metrics": {
        "NDCG": {
            "NDCG@1": 0.382,
            "NDCG@3": 0.39328,
            "NDCG@5": 0.40674,
            "NDCG@10": 0.44584,
            "NDCG@100": 0.5789,
            "NDCG@1000": 0.61075
        },
        "MAP": {
            "MAP@1": 0.11808,
            "MAP@3": 0.21631,
            "MAP@5": 0.28112,
            "MAP@10": 0.37356,
            "MAP@100": 0.44707,
            "MAP@1000": 0.45015
        },
        "Recall": {
            "Recall@1": 0.11808,
            "Recall@3": 0.23932,
            "Recall@5": 0.32889,
            "Recall@10": 0.48816,
            "Recall@100": 0.84094,
            "Recall@1000": 0.97811
        },
        "Precision": {
            "P@1": 0.382,
            "P@3": 0.344,
            "P@5": 0.3248,
            "P@10": 0.2758,
            "P@100": 0.05668,
            "P@1000": 0.00661
        }
    }
}