{
    "metrics": {
        "NDCG": {
            "NDCG@1": 0.104,
            "NDCG@3": 0.1789,
            "NDCG@5": 0.2154,
            "NDCG@10": 0.25151,
            "NDCG@100": 0.33829,
            "NDCG@1000": 0.35352
        },
        "MAP": {
            "MAP@1": 0.104,
            "MAP@3": 0.15933,
            "MAP@5": 0.17973,
            "MAP@10": 0.19458,
            "MAP@100": 0.21132,
            "MAP@1000": 0.21188
        },
        "Recall": {
            "Recall@1": 0.104,
            "Recall@3": 0.236,
            "Recall@5": 0.324,
            "Recall@10": 0.436,
            "Recall@100": 0.852,
            "Recall@1000": 0.972
        },
        "Precision": {
            "P@1": 0.104,
            "P@3": 0.07867,
            "P@5": 0.0648,
            "P@10": 0.0436,
            "P@100": 0.00852,
            "P@1000": 0.00097
        }
    }
}