{
    "metrics": {
        "NDCG": {
            "NDCG@1": 0.09,
            "NDCG@3": 0.13881,
            "NDCG@5": 0.1678,
            "NDCG@10": 0.20403,
            "NDCG@100": 0.2733,
            "NDCG@1000": 0.30376
        },
        "MAP": {
            "MAP@1": 0.09,
            "MAP@3": 0.12667,
            "MAP@5": 0.14237,
            "MAP@10": 0.15731,
            "MAP@100": 0.16979,
            "MAP@1000": 0.17093
        },
        "Recall": {
            "Recall@1": 0.09,
            "Recall@3": 0.174,
            "Recall@5": 0.246,
            "Recall@10": 0.358,
            "Recall@100": 0.702,
            "Recall@1000": 0.942
        },
        "Precision": {
            "P@1": 0.09,
            "P@3": 0.058,
            "P@5": 0.0492,
            "P@10": 0.0358,
            "P@100": 0.00702,
            "P@1000": 0.00094
        }
    }
}