{
    "metrics": {
        "NDCG": {
            "NDCG@1": 0.26,
            "NDCG@3": 0.27571,
            "NDCG@5": 0.28902,
            "NDCG@10": 0.31219,
            "NDCG@100": 0.44582,
            "NDCG@1000": 0.50216
        },
        "MAP": {
            "MAP@1": 0.07445,
            "MAP@3": 0.14988,
            "MAP@5": 0.19612,
            "MAP@10": 0.25154,
            "MAP@100": 0.31163,
            "MAP@1000": 0.3168
        },
        "Recall": {
            "Recall@1": 0.07445,
            "Recall@3": 0.17086,
            "Recall@5": 0.24383,
            "Recall@10": 0.3483,
            "Recall@100": 0.72035,
            "Recall@1000": 0.95951
        },
        "Precision": {
            "P@1": 0.26,
            "P@3": 0.248,
            "P@5": 0.2332,
            "P@10": 0.1912,
            "P@100": 0.0465,
            "P@1000": 0.00646
        }
    }
}