{
    "metrics": {
        "NDCG": {
            "NDCG@1": 0.19177,
            "NDCG@3": 0.21452,
            "NDCG@5": 0.22387,
            "NDCG@10": 0.2454,
            "NDCG@100": 0.36332,
            "NDCG@1000": 0.41597
        },
        "MAP": {
            "MAP@1": 0.05471,
            "MAP@3": 0.11156,
            "MAP@5": 0.14686,
            "MAP@10": 0.19476,
            "MAP@100": 0.24726,
            "MAP@1000": 0.25146
        },
        "Recall": {
            "Recall@1": 0.05471,
            "Recall@3": 0.13216,
            "Recall@5": 0.18734,
            "Recall@10": 0.2777,
            "Recall@100": 0.60388,
            "Recall@1000": 0.83559
        },
        "Precision": {
            "P@1": 0.19177,
            "P@3": 0.19418,
            "P@5": 0.18291,
            "P@10": 0.1551,
            "P@100": 0.03935,
            "P@1000": 0.00558
        }
    }
}