{
    "metrics": {
        "NDCG": {
            "NDCG@1": 0.076,
            "NDCG@3": 0.12202,
            "NDCG@5": 0.14319,
            "NDCG@10": 0.16773,
            "NDCG@100": 0.24988,
            "NDCG@1000": 0.28031
        },
        "MAP": {
            "MAP@1": 0.076,
            "MAP@3": 0.11033,
            "MAP@5": 0.12193,
            "MAP@10": 0.13205,
            "MAP@100": 0.14718,
            "MAP@1000": 0.14828
        },
        "Recall": {
            "Recall@1": 0.076,
            "Recall@3": 0.156,
            "Recall@5": 0.208,
            "Recall@10": 0.284,
            "Recall@100": 0.688,
            "Recall@1000": 0.93
        },
        "Precision": {
            "P@1": 0.076,
            "P@3": 0.052,
            "P@5": 0.0416,
            "P@10": 0.0284,
            "P@100": 0.00688,
            "P@1000": 0.00093
        }
    }
}